0 verbose cli C:\Program Files\nodejs\node.exe C:\Program Files\nodejs\node_modules\npm\bin\npm-cli.js
1 info using npm@11.19.0
2 info using node@v24.20.0
3 silly config load:file:C:\Program Files\nodejs\node_modules\npm\npmrc
4 silly config load:file:C:\Users\Pichau\Downloads\Edutrack---version-2.0\.npmrc
5 silly config load:file:C:\Users\Pichau\.npmrc
6 silly config load:file:C:\Users\Pichau\AppData\Roaming\npm\etc\npmrc
7 verbose title npm install
8 verbose argv "install" "--cache" ".npm-cache" "--strict-ssl" "false" "--prefer-offline" "--no-audit"
9 verbose logfile logs-max:10 dir:C:\Users\Pichau\Downloads\Edutrack---version-2.0\.npm-cache\_logs\2026-09-11T21_03_26_094Z-
10 verbose logfile C:\Users\Pichau\Downloads\Edutrack---version-2.0\.npm-cache\_logs\2026-09-11T21_03_26_094Z-debug-0.log
11 silly logfile done cleaning log files
12 silly packumentCache heap:4496293888 maxSize:1124073472 maxEntrySize:562036736
13 silly idealTree buildDeps
14 silly reify moves {}
15 http cache zod@https://registry.npmjs.org/zod/-/zod-3.25.76.tgz 1ms (cache hit)
16 http cache youch@https://registry.npmjs.org/youch/-/youch-4.1.0-beta.10.tgz 0ms (cache hit)
17 http cache zod-validation-error@https://registry.npmjs.org/zod-validation-error/-/zod-validation-error-4.0.2.tgz 0ms (cache hit)
18 http cache youch-core@https://registry.npmjs.org/youch-core/-/youch-core-0.3.3.tgz 0ms (cache hit)
19 http cache yoga-layout@https://registry.npmjs.org/yoga-layout/-/yoga-layout-3.2.1.tgz 0ms (cache hit)
20 http cache yallist@https://registry.npmjs.org/yallist/-/yallist-3.1.1.tgz 0ms (cache hit)
21 http cache ws@https://registry.npmjs.org/ws/-/ws-8.18.0.tgz 0ms (cache hit)
22 http cache yocto-queue@https://registry.npmjs.org/yocto-queue/-/yocto-queue-0.1.0.tgz 0ms (cache hit)
23 http cache wrangler@https://registry.npmjs.org/wrangler/-/wrangler-4.92.0.tgz 0ms (cache hit)
24 http cache workerd@https://registry.npmjs.org/workerd/-/workerd-1.20260515.1.tgz 0ms (cache hit)
25 http cache word-wrap@https://registry.npmjs.org/word-wrap/-/word-wrap-1.2.5.tgz 0ms (cache hit)
26 http cache which-typed-array@https://registry.npmjs.org/which-typed-array/-/which-typed-array-1.1.20.tgz 0ms (cache hit)
27 http cache which-collection@https://registry.npmjs.org/which-collection/-/which-collection-1.0.2.tgz 0ms (cache hit)
28 http cache which-boxed-primitive@https://registry.npmjs.org/which-boxed-primitive/-/which-boxed-primitive-1.1.1.tgz 0ms (cache hit)
29 http cache which-builtin-type@https://registry.npmjs.org/which-builtin-type/-/which-builtin-type-1.2.1.tgz 0ms (cache hit)
30 http cache which@https://registry.npmjs.org/which/-/which-2.0.2.tgz 0ms (cache hit)
31 http cache webpack@https://registry.npmjs.org/webpack/-/webpack-5.106.2.tgz 0ms (cache hit)
32 http cache webpack-sources@https://registry.npmjs.org/webpack-sources/-/webpack-sources-3.4.1.tgz 0ms (cache hit)
33 http cache watchpack@https://registry.npmjs.org/watchpack/-/watchpack-2.5.1.tgz 0ms (cache hit)
34 http cache web-vitals@https://registry.npmjs.org/web-vitals/-/web-vitals-4.2.4.tgz 0ms (cache hit)
35 http cache vitefu@https://registry.npmjs.org/vitefu/-/vitefu-1.1.3.tgz 0ms (cache hit)
36 http cache vite-plugin-commonjs@https://registry.npmjs.org/vite-plugin-commonjs/-/vite-plugin-commonjs-0.10.4.tgz 0ms (cache hit)
37 http cache vite@https://registry.npmjs.org/vite/-/vite-8.0.13.tgz 0ms (cache hit)
38 http cache victory-vendor@https://registry.npmjs.org/victory-vendor/-/victory-vendor-37.3.6.tgz 0ms (cache hit)
39 http cache vinext@https://registry.npmjs.org/vinext/-/vinext-1.0.0-beta.5.tgz 0ms (cache hit)
40 http cache vite-plugin-dynamic-import@https://registry.npmjs.org/vite-plugin-dynamic-import/-/vite-plugin-dynamic-import-1.6.0.tgz 0ms (cache hit)
41 http cache use-sync-external-store@https://registry.npmjs.org/use-sync-external-store/-/use-sync-external-store-1.6.0.tgz 0ms (cache hit)
42 http cache vaul@https://registry.npmjs.org/vaul/-/vaul-1.1.2.tgz 0ms (cache hit)
43 http cache use-callback-ref@https://registry.npmjs.org/use-callback-ref/-/use-callback-ref-1.3.3.tgz 0ms (cache hit)
44 http cache use-sidecar@https://registry.npmjs.org/use-sidecar/-/use-sidecar-1.1.3.tgz 0ms (cache hit)
45 http cache uri-js@https://registry.npmjs.org/uri-js/-/uri-js-4.4.1.tgz 0ms (cache hit)
46 http cache update-browserslist-db@https://registry.npmjs.org/update-browserslist-db/-/update-browserslist-db-1.2.3.tgz 0ms (cache hit)
47 http cache unrs-resolver@https://registry.npmjs.org/unrs-resolver/-/unrs-resolver-1.11.1.tgz 0ms (cache hit)
48 http cache unpic@https://registry.npmjs.org/unpic/-/unpic-4.2.2.tgz 0ms (cache hit)
49 http cache unenv@https://registry.npmjs.org/unenv/-/unenv-2.0.0-rc.24.tgz 0ms (cache hit)
50 http cache unicode-trie@https://registry.npmjs.org/unicode-trie/-/unicode-trie-2.0.0.tgz 0ms (cache hit)
51 http cache undici-types@https://registry.npmjs.org/undici-types/-/undici-types-6.21.0.tgz 0ms (cache hit)
52 http cache undici@https://registry.npmjs.org/undici/-/undici-7.24.8.tgz 0ms (cache hit)
53 http cache unbox-primitive@https://registry.npmjs.org/unbox-primitive/-/unbox-primitive-1.1.0.tgz 0ms (cache hit)
54 http cache typescript-eslint@https://registry.npmjs.org/typescript-eslint/-/typescript-eslint-8.59.3.tgz 0ms (cache hit)
55 http cache typescript@https://registry.npmjs.org/typescript/-/typescript-5.9.3.tgz 0ms (cache hit)
56 http cache typed-array-length@https://registry.npmjs.org/typed-array-length/-/typed-array-length-1.0.7.tgz 0ms (cache hit)
57 http cache typed-array-byte-offset@https://registry.npmjs.org/typed-array-byte-offset/-/typed-array-byte-offset-1.0.4.tgz 0ms (cache hit)
58 http cache typed-array-byte-length@https://registry.npmjs.org/typed-array-byte-length/-/typed-array-byte-length-1.0.3.tgz 0ms (cache hit)
59 http cache type-check@https://registry.npmjs.org/type-check/-/type-check-0.4.0.tgz 0ms (cache hit)
60 http cache turbo-stream@https://registry.npmjs.org/turbo-stream/-/turbo-stream-3.2.0.tgz 0ms (cache hit)
61 http cache tw-animate-css@https://registry.npmjs.org/tw-animate-css/-/tw-animate-css-1.4.0.tgz 0ms (cache hit)
62 http cache typed-array-buffer@https://registry.npmjs.org/typed-array-buffer/-/typed-array-buffer-1.0.3.tgz 0ms (cache hit)
63 http cache tsx@https://registry.npmjs.org/tsx/-/tsx-4.22.1.tgz 0ms (cache hit)
64 http cache ts-api-utils@https://registry.npmjs.org/ts-api-utils/-/ts-api-utils-2.5.0.tgz 1ms (cache hit)
65 http cache tsconfig-paths@https://registry.npmjs.org/tsconfig-paths/-/tsconfig-paths-3.15.0.tgz 0ms (cache hit)
66 http cache tslib@https://registry.npmjs.org/tslib/-/tslib-2.8.1.tgz 0ms (cache hit)
67 http cache to-regex-range@https://registry.npmjs.org/to-regex-range/-/to-regex-range-5.0.1.tgz 0ms (cache hit)
68 http cache tiny-invariant@https://registry.npmjs.org/tiny-invariant/-/tiny-invariant-1.3.3.tgz 0ms (cache hit)
69 http cache tiny-inflate@https://registry.npmjs.org/tiny-inflate/-/tiny-inflate-1.0.3.tgz 0ms (cache hit)
70 http cache terser-webpack-plugin@https://registry.npmjs.org/terser-webpack-plugin/-/terser-webpack-plugin-5.6.0.tgz 0ms (cache hit)
71 http cache tinyglobby@https://registry.npmjs.org/tinyglobby/-/tinyglobby-0.2.16.tgz 0ms (cache hit)
72 http cache tailwindcss@https://registry.npmjs.org/tailwindcss/-/tailwindcss-4.2.1.tgz 0ms (cache hit)
73 http cache terser@https://registry.npmjs.org/terser/-/terser-5.47.1.tgz 0ms (cache hit)
74 http cache tapable@https://registry.npmjs.org/tapable/-/tapable-2.3.3.tgz 0ms (cache hit)
75 http cache supports-color@https://registry.npmjs.org/supports-color/-/supports-color-7.2.0.tgz 0ms (cache hit)
76 http cache tailwind-merge@https://registry.npmjs.org/tailwind-merge/-/tailwind-merge-3.6.0.tgz 0ms (cache hit)
77 http cache styled-jsx@https://registry.npmjs.org/styled-jsx/-/styled-jsx-5.1.6.tgz 0ms (cache hit)
78 http cache strip-bom@https://registry.npmjs.org/strip-bom/-/strip-bom-3.0.0.tgz 0ms (cache hit)
79 http cache supports-preserve-symlinks-flag@https://registry.npmjs.org/supports-preserve-symlinks-flag/-/supports-preserve-symlinks-flag-1.0.0.tgz 0ms (cache hit)
80 http cache strip-json-comments@https://registry.npmjs.org/strip-json-comments/-/strip-json-comments-3.1.1.tgz 0ms (cache hit)
81 http cache string.prototype.trimstart@https://registry.npmjs.org/string.prototype.trimstart/-/string.prototype.trimstart-1.0.8.tgz 0ms (cache hit)
82 http cache strip-literal@https://registry.npmjs.org/strip-literal/-/strip-literal-3.1.0.tgz 0ms (cache hit)
83 http cache string.prototype.matchall@https://registry.npmjs.org/string.prototype.matchall/-/string.prototype.matchall-4.0.12.tgz 0ms (cache hit)
84 http cache string.prototype.repeat@https://registry.npmjs.org/string.prototype.repeat/-/string.prototype.repeat-1.0.0.tgz 0ms (cache hit)
85 http cache string.prototype.trim@https://registry.npmjs.org/string.prototype.trim/-/string.prototype.trim-1.2.10.tgz 0ms (cache hit)
86 http cache string.prototype.trimend@https://registry.npmjs.org/string.prototype.trimend/-/string.prototype.trimend-1.0.9.tgz 0ms (cache hit)
87 http cache string.prototype.includes@https://registry.npmjs.org/string.prototype.includes/-/string.prototype.includes-2.0.1.tgz 0ms (cache hit)
88 http cache string.prototype.codepointat@https://registry.npmjs.org/string.prototype.codepointat/-/string.prototype.codepointat-0.2.1.tgz 0ms (cache hit)
89 http cache stable-hash@https://registry.npmjs.org/stable-hash/-/stable-hash-0.0.5.tgz 0ms (cache hit)
90 http cache stop-iteration-iterator@https://registry.npmjs.org/stop-iteration-iterator/-/stop-iteration-iterator-1.1.0.tgz 0ms (cache hit)
91 http cache source-map@https://registry.npmjs.org/source-map/-/source-map-0.6.1.tgz 0ms (cache hit)
92 http cache source-map-support@https://registry.npmjs.org/source-map-support/-/source-map-support-0.5.21.tgz 0ms (cache hit)
93 http cache srvx@https://registry.npmjs.org/srvx/-/srvx-0.11.15.tgz 0ms (cache hit)
94 http cache source-map-js@https://registry.npmjs.org/source-map-js/-/source-map-js-1.2.1.tgz 0ms (cache hit)
95 http cache side-channel-weakmap@https://registry.npmjs.org/side-channel-weakmap/-/side-channel-weakmap-1.0.2.tgz 0ms (cache hit)
96 http cache sonner@https://registry.npmjs.org/sonner/-/sonner-2.0.8.tgz 0ms (cache hit)
97 http cache side-channel-map@https://registry.npmjs.org/side-channel-map/-/side-channel-map-1.0.1.tgz 0ms (cache hit)
98 http cache side-channel-list@https://registry.npmjs.org/side-channel-list/-/side-channel-list-1.0.1.tgz 0ms (cache hit)
99 http cache side-channel@https://registry.npmjs.org/side-channel/-/side-channel-1.1.0.tgz 0ms (cache hit)
100 http cache shebang-regex@https://registry.npmjs.org/shebang-regex/-/shebang-regex-3.0.0.tgz 0ms (cache hit)
101 http cache shebang-command@https://registry.npmjs.org/shebang-command/-/shebang-command-2.0.0.tgz 0ms (cache hit)
102 http cache sharp@https://registry.npmjs.org/sharp/-/sharp-0.34.5.tgz 0ms (cache hit)
103 http cache set-function-name@https://registry.npmjs.org/set-function-name/-/set-function-name-2.0.2.tgz 0ms (cache hit)
104 http cache set-proto@https://registry.npmjs.org/set-proto/-/set-proto-1.0.0.tgz 0ms (cache hit)
105 http cache set-function-length@https://registry.npmjs.org/set-function-length/-/set-function-length-1.2.2.tgz 0ms (cache hit)
106 http cache semver@https://registry.npmjs.org/semver/-/semver-6.3.1.tgz 0ms (cache hit)
107 http cache schema-utils@https://registry.npmjs.org/schema-utils/-/schema-utils-4.3.3.tgz 0ms (cache hit)
108 http cache satori@https://registry.npmjs.org/satori/-/satori-0.16.0.tgz 0ms (cache hit)
109 http cache safe-regex-test@https://registry.npmjs.org/safe-regex-test/-/safe-regex-test-1.1.0.tgz 0ms (cache hit)
110 http cache scheduler@https://registry.npmjs.org/scheduler/-/scheduler-0.27.0.tgz 0ms (cache hit)
111 http cache safe-array-concat@https://registry.npmjs.org/safe-array-concat/-/safe-array-concat-1.1.4.tgz 0ms (cache hit)
112 http cache run-parallel@https://registry.npmjs.org/run-parallel/-/run-parallel-1.2.0.tgz 0ms (cache hit)
113 http cache safe-push-apply@https://registry.npmjs.org/safe-push-apply/-/safe-push-apply-1.0.0.tgz 0ms (cache hit)
114 http cache rolldown@https://registry.npmjs.org/rolldown/-/rolldown-1.0.1.tgz 0ms (cache hit)
115 http cache reusify@https://registry.npmjs.org/reusify/-/reusify-1.1.0.tgz 0ms (cache hit)
116 http cache resolve-pkg-maps@https://registry.npmjs.org/resolve-pkg-maps/-/resolve-pkg-maps-1.0.0.tgz 0ms (cache hit)
117 http cache resolve-from@https://registry.npmjs.org/resolve-from/-/resolve-from-4.0.0.tgz 0ms (cache hit)
118 http cache resolve@https://registry.npmjs.org/resolve/-/resolve-2.0.0-next.7.tgz 0ms (cache hit)
119 http cache require-from-string@https://registry.npmjs.org/require-from-string/-/require-from-string-2.0.2.tgz 0ms (cache hit)
120 http cache reselect@https://registry.npmjs.org/reselect/-/reselect-5.2.0.tgz 0ms (cache hit)
121 http cache regexp.prototype.flags@https://registry.npmjs.org/regexp.prototype.flags/-/regexp.prototype.flags-1.5.4.tgz 0ms (cache hit)
122 http cache reflect.getprototypeof@https://registry.npmjs.org/reflect.getprototypeof/-/reflect.getprototypeof-1.0.10.tgz 0ms (cache hit)
123 http cache redux-thunk@https://registry.npmjs.org/redux-thunk/-/redux-thunk-3.1.0.tgz 0ms (cache hit)
124 http cache recharts@https://registry.npmjs.org/recharts/-/recharts-3.8.0.tgz 0ms (cache hit)
125 http cache redux@https://registry.npmjs.org/redux/-/redux-5.0.1.tgz 0ms (cache hit)
126 http cache react-resizable-panels@https://registry.npmjs.org/react-resizable-panels/-/react-resizable-panels-4.12.2.tgz 0ms (cache hit)
127 http cache react-style-singleton@https://registry.npmjs.org/react-style-singleton/-/react-style-singleton-2.2.3.tgz 0ms (cache hit)
128 http cache react-server-dom-webpack@https://registry.npmjs.org/react-server-dom-webpack/-/react-server-dom-webpack-19.2.6.tgz 0ms (cache hit)
129 http cache react-remove-scroll-bar@https://registry.npmjs.org/react-remove-scroll-bar/-/react-remove-scroll-bar-2.3.8.tgz 0ms (cache hit)
130 http cache react-remove-scroll@https://registry.npmjs.org/react-remove-scroll/-/react-remove-scroll-2.7.2.tgz 0ms (cache hit)
131 http cache react-redux@https://registry.npmjs.org/react-redux/-/react-redux-9.3.0.tgz 0ms (cache hit)
132 http cache react-is@https://registry.npmjs.org/react-is/-/react-is-16.13.1.tgz 0ms (cache hit)
133 http cache react-hook-form@https://registry.npmjs.org/react-hook-form/-/react-hook-form-7.85.0.tgz 0ms (cache hit)
134 http cache react-dom@https://registry.npmjs.org/react-dom/-/react-dom-19.2.6.tgz 0ms (cache hit)
135 http cache react-day-picker@https://registry.npmjs.org/react-day-picker/-/react-day-picker-10.0.1.tgz 0ms (cache hit)
136 http cache radix-ui@https://registry.npmjs.org/radix-ui/-/radix-ui-1.6.7.tgz 0ms (cache hit)
137 http cache react@https://registry.npmjs.org/react/-/react-19.2.6.tgz 0ms (cache hit)
138 http cache punycode@https://registry.npmjs.org/punycode/-/punycode-2.3.1.tgz 0ms (cache hit)
139 http cache queue-microtask@https://registry.npmjs.org/queue-microtask/-/queue-microtask-1.2.3.tgz 0ms (cache hit)
140 http cache prop-types@https://registry.npmjs.org/prop-types/-/prop-types-15.8.1.tgz 0ms (cache hit)
141 http cache prelude-ls@https://registry.npmjs.org/prelude-ls/-/prelude-ls-1.2.1.tgz 0ms (cache hit)
142 http cache postcss-value-parser@https://registry.npmjs.org/postcss-value-parser/-/postcss-value-parser-4.2.0.tgz 0ms (cache hit)
143 http cache postcss@https://registry.npmjs.org/postcss/-/postcss-8.5.14.tgz 0ms (cache hit)
144 http cache picomatch@https://registry.npmjs.org/picomatch/-/picomatch-2.3.2.tgz 0ms (cache hit)
145 http cache possible-typed-array-names@https://registry.npmjs.org/possible-typed-array-names/-/possible-typed-array-names-1.1.0.tgz 0ms (cache hit)
146 http cache picocolors@https://registry.npmjs.org/picocolors/-/picocolors-1.1.1.tgz 0ms (cache hit)
147 http cache pathe@https://registry.npmjs.org/pathe/-/pathe-2.0.3.tgz 0ms (cache hit)
148 http cache path-key@https://registry.npmjs.org/path-key/-/path-key-3.1.1.tgz 0ms (cache hit)
149 http cache path-to-regexp@https://registry.npmjs.org/path-to-regexp/-/path-to-regexp-6.3.0.tgz 0ms (cache hit)
150 http cache path-parse@https://registry.npmjs.org/path-parse/-/path-parse-1.0.7.tgz 0ms (cache hit)
151 http cache path-exists@https://registry.npmjs.org/path-exists/-/path-exists-4.0.0.tgz 0ms (cache hit)
152 http cache parent-module@https://registry.npmjs.org/parent-module/-/parent-module-1.0.1.tgz 0ms (cache hit)
153 http cache p-locate@https://registry.npmjs.org/p-locate/-/p-locate-5.0.0.tgz 0ms (cache hit)
154 http cache parse-css-color@https://registry.npmjs.org/parse-css-color/-/parse-css-color-0.2.1.tgz 0ms (cache hit)
155 http cache optionator@https://registry.npmjs.org/optionator/-/optionator-0.9.4.tgz 0ms (cache hit)
156 http cache own-keys@https://registry.npmjs.org/own-keys/-/own-keys-1.0.1.tgz 0ms (cache hit)
157 http cache p-limit@https://registry.npmjs.org/p-limit/-/p-limit-3.1.0.tgz 0ms (cache hit)
158 http cache object.values@https://registry.npmjs.org/object.values/-/object.values-1.2.1.tgz 0ms (cache hit)
159 http cache object.fromentries@https://registry.npmjs.org/object.fromentries/-/object.fromentries-2.0.8.tgz 0ms (cache hit)
160 http cache object.entries@https://registry.npmjs.org/object.entries/-/object.entries-1.1.9.tgz 0ms (cache hit)
161 http cache object.groupby@https://registry.npmjs.org/object.groupby/-/object.groupby-1.0.3.tgz 0ms (cache hit)
162 http cache pako@https://registry.npmjs.org/pako/-/pako-0.2.9.tgz 0ms (cache hit)
163 http cache object-inspect@https://registry.npmjs.org/object-inspect/-/object-inspect-1.13.4.tgz 0ms (cache hit)
164 http cache object-assign@https://registry.npmjs.org/object-assign/-/object-assign-4.1.1.tgz 0ms (cache hit)
165 http cache object.assign@https://registry.npmjs.org/object.assign/-/object.assign-4.1.7.tgz 0ms (cache hit)
166 http cache object-keys@https://registry.npmjs.org/object-keys/-/object-keys-1.1.1.tgz 0ms (cache hit)
167 http cache node-exports-info@https://registry.npmjs.org/node-exports-info/-/node-exports-info-1.6.0.tgz 0ms (cache hit)
168 http cache next-themes@https://registry.npmjs.org/next-themes/-/next-themes-0.4.6.tgz 0ms (cache hit)
169 http cache neo-async@https://registry.npmjs.org/neo-async/-/neo-async-2.6.2.tgz 0ms (cache hit)
170 http cache next@https://registry.npmjs.org/next/-/next-16.2.6.tgz 0ms (cache hit)
171 http cache natural-compare@https://registry.npmjs.org/natural-compare/-/natural-compare-1.4.0.tgz 0ms (cache hit)
172 http cache node-releases@https://registry.npmjs.org/node-releases/-/node-releases-2.0.44.tgz 0ms (cache hit)
173 http cache napi-postinstall@https://registry.npmjs.org/napi-postinstall/-/napi-postinstall-0.3.4.tgz 0ms (cache hit)
174 http cache ms@https://registry.npmjs.org/ms/-/ms-2.1.3.tgz 0ms (cache hit)
175 http cache minimist@https://registry.npmjs.org/minimist/-/minimist-1.2.8.tgz 0ms (cache hit)
176 http cache nanoid@https://registry.npmjs.org/nanoid/-/nanoid-3.3.12.tgz 0ms (cache hit)
177 http cache minimatch@https://registry.npmjs.org/minimatch/-/minimatch-3.1.5.tgz 0ms (cache hit)
178 http cache mime-db@https://registry.npmjs.org/mime-db/-/mime-db-1.54.0.tgz 0ms (cache hit)
179 http cache miniflare@https://registry.npmjs.org/miniflare/-/miniflare-4.20260515.0.tgz 0ms (cache hit)
180 http cache micromatch@https://registry.npmjs.org/micromatch/-/micromatch-4.0.8.tgz 0ms (cache hit)
181 http cache merge-stream@https://registry.npmjs.org/merge-stream/-/merge-stream-2.0.0.tgz 0ms (cache hit)
182 http cache merge2@https://registry.npmjs.org/merge2/-/merge2-1.4.1.tgz 0ms (cache hit)
183 http cache magic-string@https://registry.npmjs.org/magic-string/-/magic-string-0.30.21.tgz 0ms (cache hit)
184 http cache math-intrinsics@https://registry.npmjs.org/math-intrinsics/-/math-intrinsics-1.1.0.tgz 0ms (cache hit)
185 http cache lru-cache@https://registry.npmjs.org/lru-cache/-/lru-cache-5.1.1.tgz 0ms (cache hit)
186 http cache lucide-react@https://registry.npmjs.org/lucide-react/-/lucide-react-1.31.0.tgz 0ms (cache hit)
187 http cache lodash.merge@https://registry.npmjs.org/lodash.merge/-/lodash.merge-4.6.2.tgz 0ms (cache hit)
188 http cache loose-envify@https://registry.npmjs.org/loose-envify/-/loose-envify-1.4.0.tgz 0ms (cache hit)
189 http cache locate-path@https://registry.npmjs.org/locate-path/-/locate-path-6.0.0.tgz 0ms (cache hit)
190 http cache loader-runner@https://registry.npmjs.org/loader-runner/-/loader-runner-4.3.2.tgz 0ms (cache hit)
191 http cache linebreak@https://registry.npmjs.org/linebreak/-/linebreak-1.1.0.tgz 0ms (cache hit)
192 http cache lightningcss-win32-x64-msvc@https://registry.npmjs.org/lightningcss-win32-x64-msvc/-/lightningcss-win32-x64-msvc-1.31.1.tgz 0ms (cache hit)
193 http cache lightningcss@https://registry.npmjs.org/lightningcss/-/lightningcss-1.31.1.tgz 0ms (cache hit)
194 http cache levn@https://registry.npmjs.org/levn/-/levn-0.4.1.tgz 0ms (cache hit)
195 http cache language-tags@https://registry.npmjs.org/language-tags/-/language-tags-1.0.9.tgz 0ms (cache hit)
196 http cache language-subtag-registry@https://registry.npmjs.org/language-subtag-registry/-/language-subtag-registry-0.3.23.tgz 0ms (cache hit)
197 http cache kleur@https://registry.npmjs.org/kleur/-/kleur-4.1.5.tgz 0ms (cache hit)
198 http cache keyv@https://registry.npmjs.org/keyv/-/keyv-4.5.4.tgz 0ms (cache hit)
199 http cache jsx-ast-utils@https://registry.npmjs.org/jsx-ast-utils/-/jsx-ast-utils-3.3.5.tgz 0ms (cache hit)
200 http cache json-stable-stringify-without-jsonify@https://registry.npmjs.org/json-stable-stringify-without-jsonify/-/json-stable-stringify-without-jsonify-1.0.1.tgz 0ms (cache hit)
201 http cache json5@https://registry.npmjs.org/json5/-/json5-2.2.3.tgz 0ms (cache hit)
202 http cache json-buffer@https://registry.npmjs.org/json-buffer/-/json-buffer-3.0.1.tgz 0ms (cache hit)
203 http cache json-schema-traverse@https://registry.npmjs.org/json-schema-traverse/-/json-schema-traverse-1.0.0.tgz 0ms (cache hit)
204 http cache jsesc@https://registry.npmjs.org/jsesc/-/jsesc-3.1.0.tgz 0ms (cache hit)
205 http cache js-yaml@https://registry.npmjs.org/js-yaml/-/js-yaml-4.1.1.tgz 0ms (cache hit)
206 http cache jiti@https://registry.npmjs.org/jiti/-/jiti-2.7.0.tgz 0ms (cache hit)
207 http cache jest-worker@https://registry.npmjs.org/jest-worker/-/jest-worker-27.5.1.tgz 0ms (cache hit)
208 http cache js-tokens@https://registry.npmjs.org/js-tokens/-/js-tokens-4.0.0.tgz 0ms (cache hit)
209 http cache isarray@https://registry.npmjs.org/isarray/-/isarray-2.0.5.tgz 0ms (cache hit)
210 http cache isexe@https://registry.npmjs.org/isexe/-/isexe-2.0.0.tgz 0ms (cache hit)
211 http cache iterator.prototype@https://registry.npmjs.org/iterator.prototype/-/iterator.prototype-1.1.5.tgz 0ms (cache hit)
212 http cache is-weakref@https://registry.npmjs.org/is-weakref/-/is-weakref-1.1.1.tgz 0ms (cache hit)
213 http cache is-weakset@https://registry.npmjs.org/is-weakset/-/is-weakset-2.0.4.tgz 0ms (cache hit)
214 http cache is-weakmap@https://registry.npmjs.org/is-weakmap/-/is-weakmap-2.0.2.tgz 0ms (cache hit)
215 http cache is-shared-array-buffer@https://registry.npmjs.org/is-shared-array-buffer/-/is-shared-array-buffer-1.0.4.tgz 0ms (cache hit)
216 http cache is-string@https://registry.npmjs.org/is-string/-/is-string-1.1.1.tgz 0ms (cache hit)
217 http cache is-typed-array@https://registry.npmjs.org/is-typed-array/-/is-typed-array-1.1.15.tgz 0ms (cache hit)
218 http cache is-regex@https://registry.npmjs.org/is-regex/-/is-regex-1.2.1.tgz 0ms (cache hit)
219 http cache is-set@https://registry.npmjs.org/is-set/-/is-set-2.0.3.tgz 0ms (cache hit)
220 http cache is-symbol@https://registry.npmjs.org/is-symbol/-/is-symbol-1.1.1.tgz 0ms (cache hit)
221 http cache is-number-object@https://registry.npmjs.org/is-number-object/-/is-number-object-1.1.1.tgz 0ms (cache hit)
222 http cache is-glob@https://registry.npmjs.org/is-glob/-/is-glob-4.0.3.tgz 0ms (cache hit)
223 http cache is-negative-zero@https://registry.npmjs.org/is-negative-zero/-/is-negative-zero-2.0.3.tgz 0ms (cache hit)
224 http cache is-map@https://registry.npmjs.org/is-map/-/is-map-2.0.3.tgz 0ms (cache hit)
225 http cache is-generator-function@https://registry.npmjs.org/is-generator-function/-/is-generator-function-1.1.2.tgz 0ms (cache hit)
226 http cache is-finalizationregistry@https://registry.npmjs.org/is-finalizationregistry/-/is-finalizationregistry-1.1.1.tgz 0ms (cache hit)
227 http cache is-extglob@https://registry.npmjs.org/is-extglob/-/is-extglob-2.1.1.tgz 0ms (cache hit)
228 http cache is-date-object@https://registry.npmjs.org/is-date-object/-/is-date-object-1.1.0.tgz 0ms (cache hit)
229 http cache is-data-view@https://registry.npmjs.org/is-data-view/-/is-data-view-1.0.2.tgz 0ms (cache hit)
230 http cache is-bun-module@https://registry.npmjs.org/is-bun-module/-/is-bun-module-2.0.0.tgz 0ms (cache hit)
231 http cache is-number@https://registry.npmjs.org/is-number/-/is-number-7.0.0.tgz 0ms (cache hit)
232 http cache is-core-module@https://registry.npmjs.org/is-core-module/-/is-core-module-2.16.2.tgz 0ms (cache hit)
233 http cache is-callable@https://registry.npmjs.org/is-callable/-/is-callable-1.2.7.tgz 0ms (cache hit)
234 http cache is-boolean-object@https://registry.npmjs.org/is-boolean-object/-/is-boolean-object-1.2.2.tgz 0ms (cache hit)
235 http cache is-async-function@https://registry.npmjs.org/is-async-function/-/is-async-function-2.1.1.tgz 0ms (cache hit)
236 http cache is-bigint@https://registry.npmjs.org/is-bigint/-/is-bigint-1.1.0.tgz 0ms (cache hit)
237 http cache is-array-buffer@https://registry.npmjs.org/is-array-buffer/-/is-array-buffer-3.0.5.tgz 0ms (cache hit)
238 http cache ipaddr.js@https://registry.npmjs.org/ipaddr.js/-/ipaddr.js-2.4.0.tgz 0ms (cache hit)
239 http cache internmap@https://registry.npmjs.org/internmap/-/internmap-2.0.3.tgz 0ms (cache hit)
240 http cache internal-slot@https://registry.npmjs.org/internal-slot/-/internal-slot-1.1.0.tgz 0ms (cache hit)
241 http cache input-otp@https://registry.npmjs.org/input-otp/-/input-otp-1.4.2.tgz 0ms (cache hit)
242 http cache image-size@https://registry.npmjs.org/image-size/-/image-size-2.0.2.tgz 0ms (cache hit)
243 http cache imurmurhash@https://registry.npmjs.org/imurmurhash/-/imurmurhash-0.1.4.tgz 0ms (cache hit)
244 http cache immer@https://registry.npmjs.org/immer/-/immer-10.2.0.tgz 0ms (cache hit)
245 http cache ignore@https://registry.npmjs.org/ignore/-/ignore-5.3.2.tgz 0ms (cache hit)
246 http cache import-fresh@https://registry.npmjs.org/import-fresh/-/import-fresh-3.3.1.tgz 0ms (cache hit)
247 http cache hermes-parser@https://registry.npmjs.org/hermes-parser/-/hermes-parser-0.25.1.tgz 0ms (cache hit)
248 http cache hex-rgb@https://registry.npmjs.org/hex-rgb/-/hex-rgb-4.3.0.tgz 0ms (cache hit)
249 http cache hermes-estree@https://registry.npmjs.org/hermes-estree/-/hermes-estree-0.25.1.tgz 0ms (cache hit)
250 http cache hasown@https://registry.npmjs.org/hasown/-/hasown-2.0.3.tgz 0ms (cache hit)
251 http cache has-tostringtag@https://registry.npmjs.org/has-tostringtag/-/has-tostringtag-1.0.2.tgz 0ms (cache hit)
252 http cache has-proto@https://registry.npmjs.org/has-proto/-/has-proto-1.2.0.tgz 0ms (cache hit)
253 http cache has-property-descriptors@https://registry.npmjs.org/has-property-descriptors/-/has-property-descriptors-1.0.2.tgz 0ms (cache hit)
254 http cache has-symbols@https://registry.npmjs.org/has-symbols/-/has-symbols-1.1.0.tgz 0ms (cache hit)
255 http cache has-flag@https://registry.npmjs.org/has-flag/-/has-flag-4.0.0.tgz 0ms (cache hit)
256 http cache has-bigints@https://registry.npmjs.org/has-bigints/-/has-bigints-1.1.0.tgz 0ms (cache hit)
257 http cache graceful-fs@https://registry.npmjs.org/graceful-fs/-/graceful-fs-4.2.11.tgz 0ms (cache hit)
258 http cache glob-to-regexp@https://registry.npmjs.org/glob-to-regexp/-/glob-to-regexp-0.4.1.tgz 0ms (cache hit)
259 http cache gopd@https://registry.npmjs.org/gopd/-/gopd-1.2.0.tgz 0ms (cache hit)
260 http cache globalthis@https://registry.npmjs.org/globalthis/-/globalthis-1.0.4.tgz 0ms (cache hit)
261 http cache globals@https://registry.npmjs.org/globals/-/globals-14.0.0.tgz 0ms (cache hit)
262 http cache glob-parent@https://registry.npmjs.org/glob-parent/-/glob-parent-6.0.2.tgz 0ms (cache hit)
263 http cache get-tsconfig@https://registry.npmjs.org/get-tsconfig/-/get-tsconfig-4.14.0.tgz 0ms (cache hit)
264 http cache get-symbol-description@https://registry.npmjs.org/get-symbol-description/-/get-symbol-description-1.1.0.tgz 0ms (cache hit)
265 http cache get-nonce@https://registry.npmjs.org/get-nonce/-/get-nonce-1.0.1.tgz 0ms (cache hit)
266 http cache get-intrinsic@https://registry.npmjs.org/get-intrinsic/-/get-intrinsic-1.3.0.tgz 0ms (cache hit)
267 http cache get-proto@https://registry.npmjs.org/get-proto/-/get-proto-1.0.1.tgz 0ms (cache hit)
268 http cache generator-function@https://registry.npmjs.org/generator-function/-/generator-function-2.0.1.tgz 0ms (cache hit)
269 http cache gensync@https://registry.npmjs.org/gensync/-/gensync-1.0.0-beta.2.tgz 0ms (cache hit)
270 http cache function-bind@https://registry.npmjs.org/function-bind/-/function-bind-1.1.2.tgz 0ms (cache hit)
271 http cache function.prototype.name@https://registry.npmjs.org/function.prototype.name/-/function.prototype.name-1.1.8.tgz 0ms (cache hit)
272 http cache functions-have-names@https://registry.npmjs.org/functions-have-names/-/functions-have-names-1.2.3.tgz 0ms (cache hit)
273 http cache flatted@https://registry.npmjs.org/flatted/-/flatted-3.4.2.tgz 0ms (cache hit)
274 http cache for-each@https://registry.npmjs.org/for-each/-/for-each-0.3.5.tgz 0ms (cache hit)
275 http cache flat-cache@https://registry.npmjs.org/flat-cache/-/flat-cache-4.0.1.tgz 0ms (cache hit)
276 http cache find-up@https://registry.npmjs.org/find-up/-/find-up-5.0.0.tgz 0ms (cache hit)
277 http cache file-entry-cache@https://registry.npmjs.org/file-entry-cache/-/file-entry-cache-8.0.0.tgz 0ms (cache hit)
278 http cache fflate@https://registry.npmjs.org/fflate/-/fflate-0.7.4.tgz 0ms (cache hit)
279 http cache fill-range@https://registry.npmjs.org/fill-range/-/fill-range-7.1.1.tgz 0ms (cache hit)
280 http cache fastq@https://registry.npmjs.org/fastq/-/fastq-1.20.1.tgz 0ms (cache hit)
281 http cache fast-levenshtein@https://registry.npmjs.org/fast-levenshtein/-/fast-levenshtein-2.0.6.tgz 0ms (cache hit)
282 http cache fast-uri@https://registry.npmjs.org/fast-uri/-/fast-uri-3.1.2.tgz 0ms (cache hit)
283 http cache fast-json-stable-stringify@https://registry.npmjs.org/fast-json-stable-stringify/-/fast-json-stable-stringify-2.1.0.tgz 0ms (cache hit)
284 http cache fast-glob@https://registry.npmjs.org/fast-glob/-/fast-glob-3.3.1.tgz 0ms (cache hit)
285 http cache events@https://registry.npmjs.org/events/-/events-3.3.0.tgz 0ms (cache hit)
286 http cache fast-deep-equal@https://registry.npmjs.org/fast-deep-equal/-/fast-deep-equal-3.1.3.tgz 0ms (cache hit)
287 http cache estree-walker@https://registry.npmjs.org/estree-walker/-/estree-walker-3.0.3.tgz 0ms (cache hit)
288 http cache esutils@https://registry.npmjs.org/esutils/-/esutils-2.0.3.tgz 0ms (cache hit)
289 http cache estraverse@https://registry.npmjs.org/estraverse/-/estraverse-5.3.0.tgz 0ms (cache hit)
290 http cache esrecurse@https://registry.npmjs.org/esrecurse/-/esrecurse-4.3.0.tgz 0ms (cache hit)
291 http cache eventemitter3@https://registry.npmjs.org/eventemitter3/-/eventemitter3-5.0.4.tgz 0ms (cache hit)
292 http cache esquery@https://registry.npmjs.org/esquery/-/esquery-1.7.0.tgz 0ms (cache hit)
293 http cache espree@https://registry.npmjs.org/espree/-/espree-10.4.0.tgz 0ms (cache hit)
294 http cache eslint-visitor-keys@https://registry.npmjs.org/eslint-visitor-keys/-/eslint-visitor-keys-4.2.1.tgz 0ms (cache hit)
295 http cache eslint-scope@https://registry.npmjs.org/eslint-scope/-/eslint-scope-8.4.0.tgz 0ms (cache hit)
296 http cache eslint-plugin-react-hooks@https://registry.npmjs.org/eslint-plugin-react-hooks/-/eslint-plugin-react-hooks-7.1.1.tgz 0ms (cache hit)
297 http cache eslint-plugin-react@https://registry.npmjs.org/eslint-plugin-react/-/eslint-plugin-react-7.37.5.tgz 0ms (cache hit)
298 http cache eslint-plugin-jsx-a11y@https://registry.npmjs.org/eslint-plugin-jsx-a11y/-/eslint-plugin-jsx-a11y-6.10.2.tgz 0ms (cache hit)
299 http cache eslint-plugin-import@https://registry.npmjs.org/eslint-plugin-import/-/eslint-plugin-import-2.32.0.tgz 0ms (cache hit)
300 http cache eslint-module-utils@https://registry.npmjs.org/eslint-module-utils/-/eslint-module-utils-2.12.1.tgz 0ms (cache hit)
301 http cache eslint-import-resolver-typescript@https://registry.npmjs.org/eslint-import-resolver-typescript/-/eslint-import-resolver-typescript-3.10.1.tgz 0ms (cache hit)
302 http cache eslint-import-resolver-node@https://registry.npmjs.org/eslint-import-resolver-node/-/eslint-import-resolver-node-0.3.10.tgz 0ms (cache hit)
303 http cache eslint-config-next@https://registry.npmjs.org/eslint-config-next/-/eslint-config-next-16.2.6.tgz 0ms (cache hit)
304 http cache eslint@https://registry.npmjs.org/eslint/-/eslint-9.39.4.tgz 0ms (cache hit)
305 http cache escape-string-regexp@https://registry.npmjs.org/escape-string-regexp/-/escape-string-regexp-4.0.0.tgz 0ms (cache hit)
306 http cache escape-html@https://registry.npmjs.org/escape-html/-/escape-html-1.0.3.tgz 0ms (cache hit)
307 http cache escalade@https://registry.npmjs.org/escalade/-/escalade-3.2.0.tgz 0ms (cache hit)
308 http cache esbuild@https://registry.npmjs.org/esbuild/-/esbuild-0.28.0.tgz 0ms (cache hit)
309 http cache es-toolkit@https://registry.npmjs.org/es-toolkit/-/es-toolkit-1.50.0.tgz 0ms (cache hit)
310 http cache es-to-primitive@https://registry.npmjs.org/es-to-primitive/-/es-to-primitive-1.3.0.tgz 0ms (cache hit)
311 http cache es-shim-unscopables@https://registry.npmjs.org/es-shim-unscopables/-/es-shim-unscopables-1.1.0.tgz 0ms (cache hit)
312 http cache es-object-atoms@https://registry.npmjs.org/es-object-atoms/-/es-object-atoms-1.1.1.tgz 0ms (cache hit)
313 http cache es-set-tostringtag@https://registry.npmjs.org/es-set-tostringtag/-/es-set-tostringtag-2.1.0.tgz 0ms (cache hit)
314 http cache es-iterator-helpers@https://registry.npmjs.org/es-iterator-helpers/-/es-iterator-helpers-1.3.2.tgz 0ms (cache hit)
315 http cache es-module-lexer@https://registry.npmjs.org/es-module-lexer/-/es-module-lexer-2.1.0.tgz 0ms (cache hit)
316 http cache es-errors@https://registry.npmjs.org/es-errors/-/es-errors-1.3.0.tgz 0ms (cache hit)
317 http cache es-define-property@https://registry.npmjs.org/es-define-property/-/es-define-property-1.0.1.tgz 0ms (cache hit)
318 http cache es-abstract@https://registry.npmjs.org/es-abstract/-/es-abstract-1.24.2.tgz 0ms (cache hit)
319 http cache error-stack-parser-es@https://registry.npmjs.org/error-stack-parser-es/-/error-stack-parser-es-1.0.5.tgz 0ms (cache hit)
320 http cache enhanced-resolve@https://registry.npmjs.org/enhanced-resolve/-/enhanced-resolve-5.21.3.tgz 0ms (cache hit)
321 http cache emoji-regex@https://registry.npmjs.org/emoji-regex/-/emoji-regex-9.2.2.tgz 0ms (cache hit)
322 http cache emoji-regex-xs@https://registry.npmjs.org/emoji-regex-xs/-/emoji-regex-xs-2.0.1.tgz 0ms (cache hit)
323 http cache embla-carousel-reactive-utils@https://registry.npmjs.org/embla-carousel-reactive-utils/-/embla-carousel-reactive-utils-8.6.0.tgz 0ms (cache hit)
324 http cache embla-carousel-react@https://registry.npmjs.org/embla-carousel-react/-/embla-carousel-react-8.6.0.tgz 0ms (cache hit)
325 http cache electron-to-chromium@https://registry.npmjs.org/electron-to-chromium/-/electron-to-chromium-1.5.358.tgz 0ms (cache hit)
326 http cache drizzle-kit@https://registry.npmjs.org/drizzle-kit/-/drizzle-kit-0.31.10.tgz 0ms (cache hit)
327 http cache drizzle-orm@https://registry.npmjs.org/drizzle-orm/-/drizzle-orm-0.45.2.tgz 0ms (cache hit)
328 http cache embla-carousel@https://registry.npmjs.org/embla-carousel/-/embla-carousel-8.6.0.tgz 0ms (cache hit)
329 http cache doctrine@https://registry.npmjs.org/doctrine/-/doctrine-2.1.0.tgz 0ms (cache hit)
330 http cache dunder-proto@https://registry.npmjs.org/dunder-proto/-/dunder-proto-1.0.1.tgz 0ms (cache hit)
331 http cache define-properties@https://registry.npmjs.org/define-properties/-/define-properties-1.2.1.tgz 0ms (cache hit)
332 http cache define-data-property@https://registry.npmjs.org/define-data-property/-/define-data-property-1.1.4.tgz 0ms (cache hit)
333 http cache detect-node-es@https://registry.npmjs.org/detect-node-es/-/detect-node-es-1.1.0.tgz 0ms (cache hit)
334 http cache detect-libc@https://registry.npmjs.org/detect-libc/-/detect-libc-2.1.2.tgz 1ms (cache hit)
335 http cache deep-is@https://registry.npmjs.org/deep-is/-/deep-is-0.1.4.tgz 0ms (cache hit)
336 http cache debug@https://registry.npmjs.org/debug/-/debug-4.4.3.tgz 0ms (cache hit)
337 http cache data-view-byte-offset@https://registry.npmjs.org/data-view-byte-offset/-/data-view-byte-offset-1.0.1.tgz 0ms (cache hit)
338 http cache decimal.js-light@https://registry.npmjs.org/decimal.js-light/-/decimal.js-light-2.5.1.tgz 0ms (cache hit)
339 http cache date-fns@https://registry.npmjs.org/date-fns/-/date-fns-4.4.0.tgz 0ms (cache hit)
340 http cache data-view-byte-length@https://registry.npmjs.org/data-view-byte-length/-/data-view-byte-length-1.0.2.tgz 0ms (cache hit)
341 http cache damerau-levenshtein@https://registry.npmjs.org/damerau-levenshtein/-/damerau-levenshtein-1.0.8.tgz 0ms (cache hit)
342 http cache d3-timer@https://registry.npmjs.org/d3-timer/-/d3-timer-3.0.1.tgz 0ms (cache hit)
343 http cache data-view-buffer@https://registry.npmjs.org/data-view-buffer/-/data-view-buffer-1.0.2.tgz 0ms (cache hit)
344 http cache d3-shape@https://registry.npmjs.org/d3-shape/-/d3-shape-3.2.0.tgz 0ms (cache hit)
345 http cache d3-time-format@https://registry.npmjs.org/d3-time-format/-/d3-time-format-4.1.0.tgz 0ms (cache hit)
346 http cache d3-time@https://registry.npmjs.org/d3-time/-/d3-time-3.1.0.tgz 0ms (cache hit)
347 http cache d3-path@https://registry.npmjs.org/d3-path/-/d3-path-3.1.0.tgz 0ms (cache hit)
348 http cache d3-scale@https://registry.npmjs.org/d3-scale/-/d3-scale-4.0.2.tgz 0ms (cache hit)
349 http cache d3-interpolate@https://registry.npmjs.org/d3-interpolate/-/d3-interpolate-3.0.1.tgz 0ms (cache hit)
350 http cache d3-format@https://registry.npmjs.org/d3-format/-/d3-format-3.1.2.tgz 0ms (cache hit)
351 http cache d3-array@https://registry.npmjs.org/d3-array/-/d3-array-3.2.4.tgz 0ms (cache hit)
352 http cache d3-color@https://registry.npmjs.org/d3-color/-/d3-color-3.1.0.tgz 0ms (cache hit)
353 http cache css-to-react-native@https://registry.npmjs.org/css-to-react-native/-/css-to-react-native-3.2.0.tgz 0ms (cache hit)
354 http cache csstype@https://registry.npmjs.org/csstype/-/csstype-3.2.3.tgz 0ms (cache hit)
355 http cache d3-ease@https://registry.npmjs.org/d3-ease/-/d3-ease-3.0.1.tgz 0ms (cache hit)
356 http cache css-gradient-parser@https://registry.npmjs.org/css-gradient-parser/-/css-gradient-parser-0.0.16.tgz 0ms (cache hit)
357 http cache css-color-keywords@https://registry.npmjs.org/css-color-keywords/-/css-color-keywords-1.0.0.tgz 0ms (cache hit)
358 http cache css-box-shadow@https://registry.npmjs.org/css-box-shadow/-/css-box-shadow-1.0.0-3.tgz 0ms (cache hit)
359 http cache css-background-parser@https://registry.npmjs.org/css-background-parser/-/css-background-parser-0.1.0.tgz 0ms (cache hit)
360 http cache convert-source-map@https://registry.npmjs.org/convert-source-map/-/convert-source-map-2.0.0.tgz 0ms (cache hit)
361 http cache cookie@https://registry.npmjs.org/cookie/-/cookie-1.1.1.tgz 0ms (cache hit)
362 http cache cross-spawn@https://registry.npmjs.org/cross-spawn/-/cross-spawn-7.0.6.tgz 0ms (cache hit)
363 http cache commander@https://registry.npmjs.org/commander/-/commander-2.20.3.tgz 0ms (cache hit)
364 http cache color-convert@https://registry.npmjs.org/color-convert/-/color-convert-2.0.1.tgz 0ms (cache hit)
365 http cache concat-map@https://registry.npmjs.org/concat-map/-/concat-map-0.0.1.tgz 0ms (cache hit)
366 http cache cmdk@https://registry.npmjs.org/cmdk/-/cmdk-1.1.1.tgz 0ms (cache hit)
367 http cache clsx@https://registry.npmjs.org/clsx/-/clsx-2.1.1.tgz 0ms (cache hit)
368 http cache chrome-trace-event@https://registry.npmjs.org/chrome-trace-event/-/chrome-trace-event-1.0.4.tgz 0ms (cache hit)
369 http cache color-name@https://registry.npmjs.org/color-name/-/color-name-1.1.4.tgz 0ms (cache hit)
370 http cache client-only@https://registry.npmjs.org/client-only/-/client-only-0.0.1.tgz 0ms (cache hit)
371 http cache caniuse-lite@https://registry.npmjs.org/caniuse-lite/-/caniuse-lite-1.0.30001793.tgz 0ms (cache hit)
372 http cache class-variance-authority@https://registry.npmjs.org/class-variance-authority/-/class-variance-authority-0.7.1.tgz 0ms (cache hit)
373 http cache callsites@https://registry.npmjs.org/callsites/-/callsites-3.1.0.tgz 0ms (cache hit)
374 http cache camelize@https://registry.npmjs.org/camelize/-/camelize-1.0.1.tgz 0ms (cache hit)
375 http cache chalk@https://registry.npmjs.org/chalk/-/chalk-4.1.2.tgz 0ms (cache hit)
376 http cache call-bound@https://registry.npmjs.org/call-bound/-/call-bound-1.0.4.tgz 0ms (cache hit)
377 http cache call-bind-apply-helpers@https://registry.npmjs.org/call-bind-apply-helpers/-/call-bind-apply-helpers-1.0.2.tgz 0ms (cache hit)
378 http cache call-bind@https://registry.npmjs.org/call-bind/-/call-bind-1.0.9.tgz 0ms (cache hit)
379 http cache buffer-from@https://registry.npmjs.org/buffer-from/-/buffer-from-1.1.2.tgz 0ms (cache hit)
380 http cache browserslist@https://registry.npmjs.org/browserslist/-/browserslist-4.28.2.tgz 0ms (cache hit)
381 http cache braces@https://registry.npmjs.org/braces/-/braces-3.0.3.tgz 0ms (cache hit)
382 http cache brace-expansion@https://registry.npmjs.org/brace-expansion/-/brace-expansion-1.1.14.tgz 0ms (cache hit)
383 http cache blake3-wasm@https://registry.npmjs.org/blake3-wasm/-/blake3-wasm-2.1.5.tgz 0ms (cache hit)
384 http cache baseline-browser-mapping@https://registry.npmjs.org/baseline-browser-mapping/-/baseline-browser-mapping-2.10.30.tgz 0ms (cache hit)
385 http cache base64-js@https://registry.npmjs.org/base64-js/-/base64-js-0.0.8.tgz 0ms (cache hit)
386 http cache balanced-match@https://registry.npmjs.org/balanced-match/-/balanced-match-1.0.2.tgz 0ms (cache hit)
387 http cache axobject-query@https://registry.npmjs.org/axobject-query/-/axobject-query-4.1.0.tgz 0ms (cache hit)
388 http cache available-typed-arrays@https://registry.npmjs.org/available-typed-arrays/-/available-typed-arrays-1.0.7.tgz 0ms (cache hit)
389 http cache axe-core@https://registry.npmjs.org/axe-core/-/axe-core-4.11.4.tgz 0ms (cache hit)
390 http cache async-function@https://registry.npmjs.org/async-function/-/async-function-1.0.0.tgz 0ms (cache hit)
391 http cache ast-types-flow@https://registry.npmjs.org/ast-types-flow/-/ast-types-flow-0.0.8.tgz 0ms (cache hit)
392 http cache arraybuffer.prototype.slice@https://registry.npmjs.org/arraybuffer.prototype.slice/-/arraybuffer.prototype.slice-1.0.4.tgz 0ms (cache hit)
393 http cache array.prototype.tosorted@https://registry.npmjs.org/array.prototype.tosorted/-/array.prototype.tosorted-1.1.4.tgz 0ms (cache hit)
394 http cache array.prototype.flatmap@https://registry.npmjs.org/array.prototype.flatmap/-/array.prototype.flatmap-1.3.3.tgz 0ms (cache hit)
395 http cache array.prototype.flat@https://registry.npmjs.org/array.prototype.flat/-/array.prototype.flat-1.3.3.tgz 0ms (cache hit)
396 http cache array.prototype.findlastindex@https://registry.npmjs.org/array.prototype.findlastindex/-/array.prototype.findlastindex-1.2.6.tgz 0ms (cache hit)
397 http cache array.prototype.findlast@https://registry.npmjs.org/array.prototype.findlast/-/array.prototype.findlast-1.2.5.tgz 0ms (cache hit)
398 http cache array-includes@https://registry.npmjs.org/array-includes/-/array-includes-3.1.9.tgz 0ms (cache hit)
399 http cache array-buffer-byte-length@https://registry.npmjs.org/array-buffer-byte-length/-/array-buffer-byte-length-1.0.2.tgz 0ms (cache hit)
400 http cache aria-query@https://registry.npmjs.org/aria-query/-/aria-query-5.3.2.tgz 0ms (cache hit)
401 http cache argparse@https://registry.npmjs.org/argparse/-/argparse-2.0.1.tgz 0ms (cache hit)
402 http cache aria-hidden@https://registry.npmjs.org/aria-hidden/-/aria-hidden-1.2.6.tgz 0ms (cache hit)
403 http cache ajv@https://registry.npmjs.org/ajv/-/ajv-8.20.0.tgz 0ms (cache hit)
404 http cache ajv-formats@https://registry.npmjs.org/ajv-formats/-/ajv-formats-2.1.1.tgz 0ms (cache hit)
405 http cache ansi-styles@https://registry.npmjs.org/ansi-styles/-/ansi-styles-4.3.0.tgz 0ms (cache hit)
406 http cache @xtuc/long@https://registry.npmjs.org/@xtuc/long/-/long-4.2.2.tgz 0ms (cache hit)
407 http cache acorn-loose@https://registry.npmjs.org/acorn-loose/-/acorn-loose-8.5.2.tgz 0ms (cache hit)
408 http cache acorn-jsx@https://registry.npmjs.org/acorn-jsx/-/acorn-jsx-5.3.2.tgz 0ms (cache hit)
409 http cache acorn@https://registry.npmjs.org/acorn/-/acorn-8.16.0.tgz 0ms (cache hit)
410 http cache @xtuc/ieee754@https://registry.npmjs.org/@xtuc/ieee754/-/ieee754-1.2.0.tgz 0ms (cache hit)
411 http cache acorn-import-phases@https://registry.npmjs.org/acorn-import-phases/-/acorn-import-phases-1.0.4.tgz 0ms (cache hit)
412 http cache @webassemblyjs/wast-printer@https://registry.npmjs.org/@webassemblyjs/wast-printer/-/wast-printer-1.14.1.tgz 0ms (cache hit)
413 http cache @webassemblyjs/wasm-parser@https://registry.npmjs.org/@webassemblyjs/wasm-parser/-/wasm-parser-1.14.1.tgz 0ms (cache hit)
414 http cache @webassemblyjs/wasm-gen@https://registry.npmjs.org/@webassemblyjs/wasm-gen/-/wasm-gen-1.14.1.tgz 0ms (cache hit)
415 http cache @webassemblyjs/wasm-opt@https://registry.npmjs.org/@webassemblyjs/wasm-opt/-/wasm-opt-1.14.1.tgz 0ms (cache hit)
416 http cache @webassemblyjs/wasm-edit@https://registry.npmjs.org/@webassemblyjs/wasm-edit/-/wasm-edit-1.14.1.tgz 0ms (cache hit)
417 http cache @webassemblyjs/leb128@https://registry.npmjs.org/@webassemblyjs/leb128/-/leb128-1.13.2.tgz 0ms (cache hit)
418 http cache @webassemblyjs/ieee754@https://registry.npmjs.org/@webassemblyjs/ieee754/-/ieee754-1.13.2.tgz 0ms (cache hit)
419 http cache @webassemblyjs/utf8@https://registry.npmjs.org/@webassemblyjs/utf8/-/utf8-1.13.2.tgz 0ms (cache hit)
420 http cache @webassemblyjs/helper-wasm-section@https://registry.npmjs.org/@webassemblyjs/helper-wasm-section/-/helper-wasm-section-1.14.1.tgz 0ms (cache hit)
421 http cache @webassemblyjs/helper-wasm-bytecode@https://registry.npmjs.org/@webassemblyjs/helper-wasm-bytecode/-/helper-wasm-bytecode-1.13.2.tgz 0ms (cache hit)
422 http cache @webassemblyjs/helper-buffer@https://registry.npmjs.org/@webassemblyjs/helper-buffer/-/helper-buffer-1.14.1.tgz 0ms (cache hit)
423 http cache @webassemblyjs/helper-numbers@https://registry.npmjs.org/@webassemblyjs/helper-numbers/-/helper-numbers-1.13.2.tgz 0ms (cache hit)
424 http cache @vitejs/plugin-react@https://registry.npmjs.org/@vitejs/plugin-react/-/plugin-react-6.0.2.tgz 0ms (cache hit)
425 http cache @webassemblyjs/floating-point-hex-parser@https://registry.npmjs.org/@webassemblyjs/floating-point-hex-parser/-/floating-point-hex-parser-1.13.2.tgz 0ms (cache hit)
426 http cache @webassemblyjs/ast@https://registry.npmjs.org/@webassemblyjs/ast/-/ast-1.14.1.tgz 0ms (cache hit)
427 http cache @webassemblyjs/helper-api-error@https://registry.npmjs.org/@webassemblyjs/helper-api-error/-/helper-api-error-1.13.2.tgz 0ms (cache hit)
428 http cache @vitejs/plugin-rsc@https://registry.npmjs.org/@vitejs/plugin-rsc/-/plugin-rsc-0.5.26.tgz 0ms (cache hit)
429 http cache @vercel/og@https://registry.npmjs.org/@vercel/og/-/og-0.8.6.tgz 0ms (cache hit)
430 http cache @vinext/types@https://registry.npmjs.org/@vinext/types/-/types-1.0.0-beta.2.tgz 0ms (cache hit)
431 http cache @unrs/resolver-binding-win32-x64-msvc@https://registry.npmjs.org/@unrs/resolver-binding-win32-x64-msvc/-/resolver-binding-win32-x64-msvc-1.11.1.tgz 0ms (cache hit)
432 http cache @unpic/react@https://registry.npmjs.org/@unpic/react/-/react-1.0.2.tgz 0ms (cache hit)
433 http cache @unpic/core@https://registry.npmjs.org/@unpic/core/-/core-1.0.3.tgz 0ms (cache hit)
434 http cache @typescript-eslint/visitor-keys@https://registry.npmjs.org/@typescript-eslint/visitor-keys/-/visitor-keys-8.59.3.tgz 0ms (cache hit)
435 http cache @typescript-eslint/utils@https://registry.npmjs.org/@typescript-eslint/utils/-/utils-8.59.3.tgz 0ms (cache hit)
436 http cache @typescript-eslint/types@https://registry.npmjs.org/@typescript-eslint/types/-/types-8.59.3.tgz 0ms (cache hit)
437 http cache @typescript-eslint/typescript-estree@https://registry.npmjs.org/@typescript-eslint/typescript-estree/-/typescript-estree-8.59.3.tgz 0ms (cache hit)
438 http cache @typescript-eslint/type-utils@https://registry.npmjs.org/@typescript-eslint/type-utils/-/type-utils-8.59.3.tgz 0ms (cache hit)
439 http cache @typescript-eslint/tsconfig-utils@https://registry.npmjs.org/@typescript-eslint/tsconfig-utils/-/tsconfig-utils-8.59.3.tgz 0ms (cache hit)
440 http cache @typescript-eslint/project-service@https://registry.npmjs.org/@typescript-eslint/project-service/-/project-service-8.59.3.tgz 0ms (cache hit)
441 http cache @typescript-eslint/parser@https://registry.npmjs.org/@typescript-eslint/parser/-/parser-8.59.3.tgz 0ms (cache hit)
442 http cache @typescript-eslint/scope-manager@https://registry.npmjs.org/@typescript-eslint/scope-manager/-/scope-manager-8.59.3.tgz 0ms (cache hit)
443 http cache @types/react-dom@https://registry.npmjs.org/@types/react-dom/-/react-dom-19.2.3.tgz 0ms (cache hit)
444 http cache @typescript-eslint/eslint-plugin@https://registry.npmjs.org/@typescript-eslint/eslint-plugin/-/eslint-plugin-8.59.3.tgz 0ms (cache hit)
445 http cache @types/react@https://registry.npmjs.org/@types/react/-/react-19.2.14.tgz 0ms (cache hit)
446 http cache @types/use-sync-external-store@https://registry.npmjs.org/@types/use-sync-external-store/-/use-sync-external-store-0.0.6.tgz 0ms (cache hit)
447 http cache @types/node@https://registry.npmjs.org/@types/node/-/node-22.19.19.tgz 0ms (cache hit)
448 http cache @types/eslint-scope@https://registry.npmjs.org/@types/eslint-scope/-/eslint-scope-3.7.7.tgz 0ms (cache hit)
449 http cache @types/json-schema@https://registry.npmjs.org/@types/json-schema/-/json-schema-7.0.15.tgz 0ms (cache hit)
450 http cache @types/json5@https://registry.npmjs.org/@types/json5/-/json5-0.0.29.tgz 0ms (cache hit)
451 http cache @types/eslint@https://registry.npmjs.org/@types/eslint/-/eslint-9.6.1.tgz 0ms (cache hit)
452 http cache @types/estree@https://registry.npmjs.org/@types/estree/-/estree-1.0.9.tgz 0ms (cache hit)
453 http cache @types/d3-timer@https://registry.npmjs.org/@types/d3-timer/-/d3-timer-3.0.2.tgz 0ms (cache hit)
454 http cache @types/d3-time@https://registry.npmjs.org/@types/d3-time/-/d3-time-3.0.4.tgz 0ms (cache hit)
455 http cache @types/d3-shape@https://registry.npmjs.org/@types/d3-shape/-/d3-shape-3.1.8.tgz 0ms (cache hit)
456 http cache @types/d3-scale@https://registry.npmjs.org/@types/d3-scale/-/d3-scale-4.0.9.tgz 0ms (cache hit)
457 http cache @types/d3-path@https://registry.npmjs.org/@types/d3-path/-/d3-path-3.1.1.tgz 0ms (cache hit)
458 http cache @types/d3-interpolate@https://registry.npmjs.org/@types/d3-interpolate/-/d3-interpolate-3.0.4.tgz 0ms (cache hit)
459 http cache @types/d3-ease@https://registry.npmjs.org/@types/d3-ease/-/d3-ease-3.0.2.tgz 0ms (cache hit)
460 http cache @tailwindcss/postcss@https://registry.npmjs.org/@tailwindcss/postcss/-/postcss-4.2.1.tgz 0ms (cache hit)
461 http cache @types/d3-color@https://registry.npmjs.org/@types/d3-color/-/d3-color-3.1.3.tgz 0ms (cache hit)
462 http cache @types/d3-array@https://registry.npmjs.org/@types/d3-array/-/d3-array-3.2.2.tgz 0ms (cache hit)
463 http cache @tailwindcss/oxide@https://registry.npmjs.org/@tailwindcss/oxide/-/oxide-4.2.1.tgz 0ms (cache hit)
464 http cache @swc/helpers@https://registry.npmjs.org/@swc/helpers/-/helpers-0.5.15.tgz 0ms (cache hit)
465 http cache @standard-schema/utils@https://registry.npmjs.org/@standard-schema/utils/-/utils-0.3.0.tgz 0ms (cache hit)
466 http cache @tailwindcss/oxide-win32-x64-msvc@https://registry.npmjs.org/@tailwindcss/oxide-win32-x64-msvc/-/oxide-win32-x64-msvc-4.2.1.tgz 0ms (cache hit)
467 http cache @tailwindcss/node@https://registry.npmjs.org/@tailwindcss/node/-/node-4.2.1.tgz 0ms (cache hit)
468 http cache @standard-schema/spec@https://registry.npmjs.org/@standard-schema/spec/-/spec-1.1.0.tgz 0ms (cache hit)
469 http cache @sindresorhus/is@https://registry.npmjs.org/@sindresorhus/is/-/is-7.2.0.tgz 0ms (cache hit)
470 http cache @speed-highlight/core@https://registry.npmjs.org/@speed-highlight/core/-/core-1.2.15.tgz 0ms (cache hit)
471 http cache @shuding/opentype.js@https://registry.npmjs.org/@shuding/opentype.js/-/opentype.js-1.4.0-beta.0.tgz 0ms (cache hit)
472 http cache @shadcn/react@https://registry.npmjs.org/@shadcn/react/-/react-0.3.0.tgz 0ms (cache hit)
473 http cache @rtsao/scc@https://registry.npmjs.org/@rtsao/scc/-/scc-1.1.0.tgz 0ms (cache hit)
474 http cache @rolldown/pluginutils@https://registry.npmjs.org/@rolldown/pluginutils/-/pluginutils-1.0.1.tgz 0ms (cache hit)
475 http cache @resvg/resvg-wasm@https://registry.npmjs.org/@resvg/resvg-wasm/-/resvg-wasm-2.4.0.tgz 0ms (cache hit)
476 http cache @rolldown/binding-win32-x64-msvc@https://registry.npmjs.org/@rolldown/binding-win32-x64-msvc/-/binding-win32-x64-msvc-1.0.1.tgz 0ms (cache hit)
477 http cache @reduxjs/toolkit@https://registry.npmjs.org/@reduxjs/toolkit/-/toolkit-2.12.0.tgz 0ms (cache hit)
478 http cache @radix-ui/rect@https://registry.npmjs.org/@radix-ui/rect/-/rect-1.1.3.tgz 0ms (cache hit)
479 http cache @radix-ui/react-visually-hidden@https://registry.npmjs.org/@radix-ui/react-visually-hidden/-/react-visually-hidden-1.2.11.tgz 0ms (cache hit)
480 http cache @radix-ui/react-use-rect@https://registry.npmjs.org/@radix-ui/react-use-rect/-/react-use-rect-1.1.4.tgz 0ms (cache hit)
481 http cache @radix-ui/react-use-size@https://registry.npmjs.org/@radix-ui/react-use-size/-/react-use-size-1.1.4.tgz 0ms (cache hit)
482 http cache @radix-ui/react-use-previous@https://registry.npmjs.org/@radix-ui/react-use-previous/-/react-use-previous-1.1.4.tgz 0ms (cache hit)
483 http cache @radix-ui/react-use-is-hydrated@https://registry.npmjs.org/@radix-ui/react-use-is-hydrated/-/react-use-is-hydrated-0.1.3.tgz 0ms (cache hit)
484 http cache @radix-ui/react-use-layout-effect@https://registry.npmjs.org/@radix-ui/react-use-layout-effect/-/react-use-layout-effect-1.1.4.tgz 0ms (cache hit)
485 http cache @radix-ui/react-use-effect-event@https://registry.npmjs.org/@radix-ui/react-use-effect-event/-/react-use-effect-event-0.0.5.tgz 0ms (cache hit)
486 http cache @radix-ui/react-use-escape-keydown@https://registry.npmjs.org/@radix-ui/react-use-escape-keydown/-/react-use-escape-keydown-1.1.5.tgz 0ms (cache hit)
487 http cache @radix-ui/react-use-controllable-state@https://registry.npmjs.org/@radix-ui/react-use-controllable-state/-/react-use-controllable-state-1.2.6.tgz 0ms (cache hit)
488 http cache @radix-ui/react-use-callback-ref@https://registry.npmjs.org/@radix-ui/react-use-callback-ref/-/react-use-callback-ref-1.1.4.tgz 0ms (cache hit)
489 http cache @radix-ui/react-tooltip@https://registry.npmjs.org/@radix-ui/react-tooltip/-/react-tooltip-1.2.16.tgz 0ms (cache hit)
490 http cache @radix-ui/react-toolbar@https://registry.npmjs.org/@radix-ui/react-toolbar/-/react-toolbar-1.1.19.tgz 0ms (cache hit)
491 http cache @radix-ui/react-toggle-group@https://registry.npmjs.org/@radix-ui/react-toggle-group/-/react-toggle-group-1.1.19.tgz 0ms (cache hit)
492 http cache @radix-ui/react-toggle@https://registry.npmjs.org/@radix-ui/react-toggle/-/react-toggle-1.1.18.tgz 0ms (cache hit)
493 http cache @radix-ui/react-toast@https://registry.npmjs.org/@radix-ui/react-toast/-/react-toast-1.2.23.tgz 0ms (cache hit)
494 http cache @radix-ui/react-tabs@https://registry.npmjs.org/@radix-ui/react-tabs/-/react-tabs-1.1.21.tgz 0ms (cache hit)
495 http cache @radix-ui/react-switch@https://registry.npmjs.org/@radix-ui/react-switch/-/react-switch-1.3.7.tgz 0ms (cache hit)
496 http cache @radix-ui/react-separator@https://registry.npmjs.org/@radix-ui/react-separator/-/react-separator-1.1.15.tgz 0ms (cache hit)
497 http cache @radix-ui/react-slider@https://registry.npmjs.org/@radix-ui/react-slider/-/react-slider-1.4.7.tgz 0ms (cache hit)
498 http cache @radix-ui/react-select@https://registry.npmjs.org/@radix-ui/react-select/-/react-select-2.3.7.tgz 0ms (cache hit)
499 http cache @radix-ui/react-scroll-area@https://registry.npmjs.org/@radix-ui/react-scroll-area/-/react-scroll-area-1.2.18.tgz 0ms (cache hit)
500 http cache @radix-ui/react-radio-group@https://registry.npmjs.org/@radix-ui/react-radio-group/-/react-radio-group-1.4.7.tgz 0ms (cache hit)
501 http cache @radix-ui/react-progress@https://registry.npmjs.org/@radix-ui/react-progress/-/react-progress-1.1.16.tgz 0ms (cache hit)
502 http cache @radix-ui/react-roving-focus@https://registry.npmjs.org/@radix-ui/react-roving-focus/-/react-roving-focus-1.1.19.tgz 0ms (cache hit)
503 http cache @radix-ui/react-primitive@https://registry.npmjs.org/@radix-ui/react-primitive/-/react-primitive-2.1.10.tgz 0ms (cache hit)
504 http cache @radix-ui/react-presence@https://registry.npmjs.org/@radix-ui/react-presence/-/react-presence-1.1.10.tgz 0ms (cache hit)
505 http cache @radix-ui/react-portal@https://registry.npmjs.org/@radix-ui/react-portal/-/react-portal-1.1.17.tgz 0ms (cache hit)
506 http cache @radix-ui/react-popover@https://registry.npmjs.org/@radix-ui/react-popover/-/react-popover-1.1.23.tgz 0ms (cache hit)
507 http cache @radix-ui/react-popper@https://registry.npmjs.org/@radix-ui/react-popper/-/react-popper-1.3.7.tgz 0ms (cache hit)
508 http cache @radix-ui/react-one-time-password-field@https://registry.npmjs.org/@radix-ui/react-one-time-password-field/-/react-one-time-password-field-0.1.16.tgz 0ms (cache hit)
509 http cache @radix-ui/react-password-toggle-field@https://registry.npmjs.org/@radix-ui/react-password-toggle-field/-/react-password-toggle-field-0.1.11.tgz 0ms (cache hit)
510 http cache @radix-ui/react-navigation-menu@https://registry.npmjs.org/@radix-ui/react-navigation-menu/-/react-navigation-menu-1.2.22.tgz 0ms (cache hit)
511 http cache @radix-ui/react-menu@https://registry.npmjs.org/@radix-ui/react-menu/-/react-menu-2.1.24.tgz 0ms (cache hit)
512 http cache @radix-ui/react-label@https://registry.npmjs.org/@radix-ui/react-label/-/react-label-2.1.15.tgz 0ms (cache hit)
513 http cache @radix-ui/react-id@https://registry.npmjs.org/@radix-ui/react-id/-/react-id-1.1.4.tgz 0ms (cache hit)
514 http cache @radix-ui/react-hover-card@https://registry.npmjs.org/@radix-ui/react-hover-card/-/react-hover-card-1.1.23.tgz 0ms (cache hit)
515 http cache @radix-ui/react-form@https://registry.npmjs.org/@radix-ui/react-form/-/react-form-0.1.16.tgz 0ms (cache hit)
516 http cache @radix-ui/react-focus-scope@https://registry.npmjs.org/@radix-ui/react-focus-scope/-/react-focus-scope-1.1.16.tgz 0ms (cache hit)
517 http cache @radix-ui/react-focus-guards@https://registry.npmjs.org/@radix-ui/react-focus-guards/-/react-focus-guards-1.1.6.tgz 0ms (cache hit)
518 http cache @radix-ui/react-menubar@https://registry.npmjs.org/@radix-ui/react-menubar/-/react-menubar-1.1.24.tgz 0ms (cache hit)
519 http cache @radix-ui/react-dropdown-menu@https://registry.npmjs.org/@radix-ui/react-dropdown-menu/-/react-dropdown-menu-2.1.24.tgz 0ms (cache hit)
520 http cache @radix-ui/react-direction@https://registry.npmjs.org/@radix-ui/react-direction/-/react-direction-1.1.4.tgz 0ms (cache hit)
521 http cache @radix-ui/react-dismissable-layer@https://registry.npmjs.org/@radix-ui/react-dismissable-layer/-/react-dismissable-layer-1.1.19.tgz 0ms (cache hit)
522 http cache @radix-ui/react-dialog@https://registry.npmjs.org/@radix-ui/react-dialog/-/react-dialog-1.1.23.tgz 0ms (cache hit)
523 http cache @radix-ui/react-context-menu@https://registry.npmjs.org/@radix-ui/react-context-menu/-/react-context-menu-2.3.7.tgz 0ms (cache hit)
524 http cache @radix-ui/react-compose-refs@https://registry.npmjs.org/@radix-ui/react-compose-refs/-/react-compose-refs-1.1.2.tgz 0ms (cache hit)
525 http cache @radix-ui/react-context@https://registry.npmjs.org/@radix-ui/react-context/-/react-context-1.2.2.tgz 0ms (cache hit)
526 http cache @radix-ui/react-avatar@https://registry.npmjs.org/@radix-ui/react-avatar/-/react-avatar-1.2.6.tgz 0ms (cache hit)
527 http cache @radix-ui/react-collection@https://registry.npmjs.org/@radix-ui/react-collection/-/react-collection-1.1.15.tgz 0ms (cache hit)
528 http cache @radix-ui/react-collapsible@https://registry.npmjs.org/@radix-ui/react-collapsible/-/react-collapsible-1.1.20.tgz 0ms (cache hit)
529 http cache @radix-ui/react-checkbox@https://registry.npmjs.org/@radix-ui/react-checkbox/-/react-checkbox-1.3.11.tgz 0ms (cache hit)
530 http cache @radix-ui/react-aspect-ratio@https://registry.npmjs.org/@radix-ui/react-aspect-ratio/-/react-aspect-ratio-1.1.15.tgz 0ms (cache hit)
531 http cache @radix-ui/react-accessible-icon@https://registry.npmjs.org/@radix-ui/react-accessible-icon/-/react-accessible-icon-1.1.15.tgz 0ms (cache hit)
532 http cache @radix-ui/react-arrow@https://registry.npmjs.org/@radix-ui/react-arrow/-/react-arrow-1.1.15.tgz 0ms (cache hit)
533 http cache @radix-ui/react-alert-dialog@https://registry.npmjs.org/@radix-ui/react-alert-dialog/-/react-alert-dialog-1.1.23.tgz 0ms (cache hit)
534 http cache @poppinss/exception@https://registry.npmjs.org/@poppinss/exception/-/exception-1.2.3.tgz 0ms (cache hit)
535 http cache @radix-ui/react-accordion@https://registry.npmjs.org/@radix-ui/react-accordion/-/react-accordion-1.2.20.tgz 0ms (cache hit)
536 http cache @radix-ui/primitive@https://registry.npmjs.org/@radix-ui/primitive/-/primitive-1.1.7.tgz 0ms (cache hit)
537 http cache @radix-ui/number@https://registry.npmjs.org/@radix-ui/number/-/number-1.1.3.tgz 0ms (cache hit)
538 http cache @poppinss/dumper@https://registry.npmjs.org/@poppinss/dumper/-/dumper-0.6.5.tgz 0ms (cache hit)
539 http cache @poppinss/colors@https://registry.npmjs.org/@poppinss/colors/-/colors-4.1.6.tgz 0ms (cache hit)
540 http cache @oxc-project/types@https://registry.npmjs.org/@oxc-project/types/-/types-0.130.0.tgz 0ms (cache hit)
541 http cache @nolyfill/is-core-module@https://registry.npmjs.org/@nolyfill/is-core-module/-/is-core-module-1.0.39.tgz 0ms (cache hit)
542 http cache @nodelib/fs.stat@https://registry.npmjs.org/@nodelib/fs.stat/-/fs.stat-2.0.5.tgz 0ms (cache hit)
543 http cache @nodelib/fs.walk@https://registry.npmjs.org/@nodelib/fs.walk/-/fs.walk-1.2.8.tgz 0ms (cache hit)
544 http cache @nodelib/fs.scandir@https://registry.npmjs.org/@nodelib/fs.scandir/-/fs.scandir-2.1.5.tgz 0ms (cache hit)
545 http cache @next/swc-win32-x64-msvc@https://registry.npmjs.org/@next/swc-win32-x64-msvc/-/swc-win32-x64-msvc-16.2.6.tgz 0ms (cache hit)
546 http cache @next/eslint-plugin-next@https://registry.npmjs.org/@next/eslint-plugin-next/-/eslint-plugin-next-16.2.6.tgz 0ms (cache hit)
547 http cache @next/env@https://registry.npmjs.org/@next/env/-/env-16.2.6.tgz 0ms (cache hit)
548 http cache @jridgewell/trace-mapping@https://registry.npmjs.org/@jridgewell/trace-mapping/-/trace-mapping-0.3.31.tgz 0ms (cache hit)
549 http cache @jridgewell/sourcemap-codec@https://registry.npmjs.org/@jridgewell/sourcemap-codec/-/sourcemap-codec-1.5.5.tgz 0ms (cache hit)
550 http cache @jridgewell/resolve-uri@https://registry.npmjs.org/@jridgewell/resolve-uri/-/resolve-uri-3.1.2.tgz 0ms (cache hit)
551 http cache @jridgewell/source-map@https://registry.npmjs.org/@jridgewell/source-map/-/source-map-0.3.11.tgz 0ms (cache hit)
552 http cache @jridgewell/gen-mapping@https://registry.npmjs.org/@jridgewell/gen-mapping/-/gen-mapping-0.3.13.tgz 0ms (cache hit)
553 http cache @jridgewell/remapping@https://registry.npmjs.org/@jridgewell/remapping/-/remapping-2.3.5.tgz 0ms (cache hit)
554 http cache @img/colour@https://registry.npmjs.org/@img/colour/-/colour-1.1.0.tgz 0ms (cache hit)
555 http cache @img/sharp-win32-x64@https://registry.npmjs.org/@img/sharp-win32-x64/-/sharp-win32-x64-0.34.5.tgz 0ms (cache hit)
556 http cache @humanwhocodes/retry@https://registry.npmjs.org/@humanwhocodes/retry/-/retry-0.4.3.tgz 0ms (cache hit)
557 http cache @humanwhocodes/module-importer@https://registry.npmjs.org/@humanwhocodes/module-importer/-/module-importer-1.0.1.tgz 0ms (cache hit)
558 http cache @humanfs/node@https://registry.npmjs.org/@humanfs/node/-/node-0.16.8.tgz 0ms (cache hit)
559 http cache @humanfs/types@https://registry.npmjs.org/@humanfs/types/-/types-0.15.0.tgz 0ms (cache hit)
560 http cache @hookform/resolvers@https://registry.npmjs.org/@hookform/resolvers/-/resolvers-5.7.1.tgz 0ms (cache hit)
561 http cache @humanfs/core@https://registry.npmjs.org/@humanfs/core/-/core-0.19.2.tgz 0ms (cache hit)
562 http cache @floating-ui/utils@https://registry.npmjs.org/@floating-ui/utils/-/utils-0.2.12.tgz 0ms (cache hit)
563 http cache @floating-ui/react-dom@https://registry.npmjs.org/@floating-ui/react-dom/-/react-dom-2.1.9.tgz 0ms (cache hit)
564 http cache @floating-ui/dom@https://registry.npmjs.org/@floating-ui/dom/-/dom-1.8.0.tgz 0ms (cache hit)
565 http cache @floating-ui/core@https://registry.npmjs.org/@floating-ui/core/-/core-1.8.0.tgz 0ms (cache hit)
566 http cache @eslint/plugin-kit@https://registry.npmjs.org/@eslint/plugin-kit/-/plugin-kit-0.4.1.tgz 0ms (cache hit)
567 http cache @eslint/js@https://registry.npmjs.org/@eslint/js/-/js-9.39.4.tgz 0ms (cache hit)
568 http cache @eslint/object-schema@https://registry.npmjs.org/@eslint/object-schema/-/object-schema-2.1.7.tgz 0ms (cache hit)
569 http cache @eslint/eslintrc@https://registry.npmjs.org/@eslint/eslintrc/-/eslintrc-3.3.5.tgz 0ms (cache hit)
570 http cache @eslint/core@https://registry.npmjs.org/@eslint/core/-/core-0.17.0.tgz 0ms (cache hit)
571 http cache @eslint-community/regexpp@https://registry.npmjs.org/@eslint-community/regexpp/-/regexpp-4.12.2.tgz 0ms (cache hit)
572 http cache @eslint/config-helpers@https://registry.npmjs.org/@eslint/config-helpers/-/config-helpers-0.4.2.tgz 0ms (cache hit)
573 http cache @eslint/config-array@https://registry.npmjs.org/@eslint/config-array/-/config-array-0.21.2.tgz 0ms (cache hit)
574 http cache @eslint-community/eslint-utils@https://registry.npmjs.org/@eslint-community/eslint-utils/-/eslint-utils-4.9.1.tgz 0ms (cache hit)
575 http cache @esbuild/win32-x64@https://registry.npmjs.org/@esbuild/win32-x64/-/win32-x64-0.28.0.tgz 0ms (cache hit)
576 http cache @esbuild-kit/core-utils@https://registry.npmjs.org/@esbuild-kit/core-utils/-/core-utils-3.3.2.tgz 0ms (cache hit)
577 http cache @esbuild-kit/esm-loader@https://registry.npmjs.org/@esbuild-kit/esm-loader/-/esm-loader-2.6.5.tgz 0ms (cache hit)
578 http cache @drizzle-team/brocli@https://registry.npmjs.org/@drizzle-team/brocli/-/brocli-0.10.2.tgz 0ms (cache hit)
579 http cache @cspotcode/source-map-support@https://registry.npmjs.org/@cspotcode/source-map-support/-/source-map-support-0.8.1.tgz 0ms (cache hit)
580 http cache @cloudflare/workers-types@https://registry.npmjs.org/@cloudflare/workers-types/-/workers-types-4.20260515.1.tgz 0ms (cache hit)
581 http cache @cloudflare/workerd-windows-64@https://registry.npmjs.org/@cloudflare/workerd-windows-64/-/workerd-windows-64-1.20260515.1.tgz 0ms (cache hit)
582 http cache @date-fns/tz@https://registry.npmjs.org/@date-fns/tz/-/tz-1.5.0.tgz 0ms (cache hit)
583 http cache @base-ui/utils@https://registry.npmjs.org/@base-ui/utils/-/utils-0.3.2.tgz 0ms (cache hit)
584 http cache @cloudflare/vite-plugin@https://registry.npmjs.org/@cloudflare/vite-plugin/-/vite-plugin-1.37.1.tgz 0ms (cache hit)
585 http cache @cloudflare/kv-asset-handler@https://registry.npmjs.org/@cloudflare/kv-asset-handler/-/kv-asset-handler-0.5.0.tgz 0ms (cache hit)
586 http cache @cloudflare/unenv-preset@https://registry.npmjs.org/@cloudflare/unenv-preset/-/unenv-preset-2.16.1.tgz 0ms (cache hit)
587 http cache @babel/types@https://registry.npmjs.org/@babel/types/-/types-7.29.0.tgz 0ms (cache hit)
588 http cache @babel/traverse@https://registry.npmjs.org/@babel/traverse/-/traverse-7.29.0.tgz 0ms (cache hit)
589 http cache @babel/template@https://registry.npmjs.org/@babel/template/-/template-7.28.6.tgz 0ms (cache hit)
590 http cache @base-ui/react@https://registry.npmjs.org/@base-ui/react/-/react-1.7.0.tgz 0ms (cache hit)
591 http cache @babel/runtime@https://registry.npmjs.org/@babel/runtime/-/runtime-7.29.7.tgz 0ms (cache hit)
592 http cache @babel/parser@https://registry.npmjs.org/@babel/parser/-/parser-7.29.3.tgz 0ms (cache hit)
593 http cache @babel/helpers@https://registry.npmjs.org/@babel/helpers/-/helpers-7.29.2.tgz 0ms (cache hit)
594 http cache @babel/helper-validator-identifier@https://registry.npmjs.org/@babel/helper-validator-identifier/-/helper-validator-identifier-7.28.5.tgz 0ms (cache hit)
595 http cache @babel/helper-validator-option@https://registry.npmjs.org/@babel/helper-validator-option/-/helper-validator-option-7.27.1.tgz 0ms (cache hit)
596 http cache @babel/helper-string-parser@https://registry.npmjs.org/@babel/helper-string-parser/-/helper-string-parser-7.27.1.tgz 0ms (cache hit)
597 http cache @babel/helper-module-transforms@https://registry.npmjs.org/@babel/helper-module-transforms/-/helper-module-transforms-7.28.6.tgz 0ms (cache hit)
598 http cache @babel/helper-globals@https://registry.npmjs.org/@babel/helper-globals/-/helper-globals-7.28.0.tgz 0ms (cache hit)
599 http cache @babel/helper-module-imports@https://registry.npmjs.org/@babel/helper-module-imports/-/helper-module-imports-7.28.6.tgz 0ms (cache hit)
600 http cache @babel/helper-compilation-targets@https://registry.npmjs.org/@babel/helper-compilation-targets/-/helper-compilation-targets-7.28.6.tgz 0ms (cache hit)
601 http cache @babel/core@https://registry.npmjs.org/@babel/core/-/core-7.29.0.tgz 0ms (cache hit)
602 http cache @babel/compat-data@https://registry.npmjs.org/@babel/compat-data/-/compat-data-7.29.3.tgz 0ms (cache hit)
603 http cache @babel/generator@https://registry.npmjs.org/@babel/generator/-/generator-7.29.1.tgz 0ms (cache hit)
604 http cache @babel/code-frame@https://registry.npmjs.org/@babel/code-frame/-/code-frame-7.29.0.tgz 0ms (cache hit)
605 http cache @alloc/quick-lru@https://registry.npmjs.org/@alloc/quick-lru/-/quick-lru-5.2.0.tgz 0ms (cache hit)
606 http cache @esbuild/win32-x64@https://registry.npmjs.org/@esbuild/win32-x64/-/win32-x64-0.27.3.tgz 0ms (cache hit)
607 http cache esbuild@https://registry.npmjs.org/esbuild/-/esbuild-0.27.3.tgz 0ms (cache hit)
608 http cache eslint-scope@https://registry.npmjs.org/eslint-scope/-/eslint-scope-5.1.1.tgz 0ms (cache hit)
609 http cache glob-parent@https://registry.npmjs.org/glob-parent/-/glob-parent-5.1.2.tgz 0ms (cache hit)
610 http cache estraverse@https://registry.npmjs.org/estraverse/-/estraverse-4.3.0.tgz 0ms (cache hit)
611 http cache fast-glob@https://registry.npmjs.org/fast-glob/-/fast-glob-3.3.3.tgz 0ms (cache hit)
612 http cache lightningcss-win32-x64-msvc@https://registry.npmjs.org/lightningcss-win32-x64-msvc/-/lightningcss-win32-x64-msvc-1.32.0.tgz 0ms (cache hit)
613 http cache es-module-lexer@https://registry.npmjs.org/es-module-lexer/-/es-module-lexer-1.7.0.tgz 0ms (cache hit)
614 http cache json5@https://registry.npmjs.org/json5/-/json5-1.0.2.tgz 0ms (cache hit)
615 http cache fdir@https://registry.npmjs.org/fdir/-/fdir-6.5.0.tgz 0ms (cache hit)
616 http cache picomatch@https://registry.npmjs.org/picomatch/-/picomatch-4.0.4.tgz 0ms (cache hit)
617 http cache lightningcss@https://registry.npmjs.org/lightningcss/-/lightningcss-1.32.0.tgz 0ms (cache hit)
618 http cache picomatch@https://registry.npmjs.org/picomatch/-/picomatch-4.0.4.tgz 0ms (cache hit)
619 http cache ajv-keywords@https://registry.npmjs.org/ajv-keywords/-/ajv-keywords-5.1.0.tgz 0ms (cache hit)
620 http cache js-tokens@https://registry.npmjs.org/js-tokens/-/js-tokens-9.0.1.tgz 0ms (cache hit)
621 http cache semver@https://registry.npmjs.org/semver/-/semver-7.8.0.tgz 0ms (cache hit)
622 http cache reselect@https://registry.npmjs.org/reselect/-/reselect-5.1.1.tgz 0ms (cache hit)
623 http cache postcss@https://registry.npmjs.org/postcss/-/postcss-8.4.31.tgz 0ms (cache hit)
624 http cache @radix-ui/react-slot@https://registry.npmjs.org/@radix-ui/react-slot/-/react-slot-1.3.3.tgz 0ms (cache hit)
625 http cache supports-color@https://registry.npmjs.org/supports-color/-/supports-color-8.1.1.tgz 0ms (cache hit)
626 http cache semver@https://registry.npmjs.org/semver/-/semver-7.8.0.tgz 0ms (cache hit)
627 http cache @radix-ui/react-compose-refs@https://registry.npmjs.org/@radix-ui/react-compose-refs/-/react-compose-refs-1.1.5.tgz 0ms (cache hit)
628 http cache debug@https://registry.npmjs.org/debug/-/debug-3.2.7.tgz 0ms (cache hit)
629 http cache glob-parent@https://registry.npmjs.org/glob-parent/-/glob-parent-5.1.2.tgz 0ms (cache hit)
630 http cache debug@https://registry.npmjs.org/debug/-/debug-3.2.7.tgz 0ms (cache hit)
631 http cache debug@https://registry.npmjs.org/debug/-/debug-3.2.7.tgz 0ms (cache hit)
632 http cache globals@https://registry.npmjs.org/globals/-/globals-16.4.0.tgz 0ms (cache hit)
633 http cache ajv@https://registry.npmjs.org/ajv/-/ajv-6.15.0.tgz 0ms (cache hit)
634 http cache json-schema-traverse@https://registry.npmjs.org/json-schema-traverse/-/json-schema-traverse-0.4.1.tgz 0ms (cache hit)
635 http cache esbuild@https://registry.npmjs.org/esbuild/-/esbuild-0.25.12.tgz 0ms (cache hit)
636 http cache @esbuild/win32-x64@https://registry.npmjs.org/@esbuild/win32-x64/-/win32-x64-0.25.12.tgz 0ms (cache hit)
637 http cache @rolldown/pluginutils@https://registry.npmjs.org/@rolldown/pluginutils/-/pluginutils-1.0.0-rc.18.tgz 0ms (cache hit)
638 http cache brace-expansion@https://registry.npmjs.org/brace-expansion/-/brace-expansion-5.0.6.tgz 0ms (cache hit)
639 http cache eslint-visitor-keys@https://registry.npmjs.org/eslint-visitor-keys/-/eslint-visitor-keys-5.0.1.tgz 0ms (cache hit)
640 http cache ignore@https://registry.npmjs.org/ignore/-/ignore-7.0.5.tgz 0ms (cache hit)
641 http cache immer@https://registry.npmjs.org/immer/-/immer-11.1.16.tgz 0ms (cache hit)
642 http cache minimatch@https://registry.npmjs.org/minimatch/-/minimatch-10.2.5.tgz 0ms (cache hit)
643 http cache semver@https://registry.npmjs.org/semver/-/semver-7.8.0.tgz 0ms (cache hit)
644 http cache balanced-match@https://registry.npmjs.org/balanced-match/-/balanced-match-4.0.4.tgz 0ms (cache hit)
645 http cache @radix-ui/react-slot@https://registry.npmjs.org/@radix-ui/react-slot/-/react-slot-1.3.3.tgz 0ms (cache hit)
646 http cache @radix-ui/react-compose-refs@https://registry.npmjs.org/@radix-ui/react-compose-refs/-/react-compose-refs-1.1.5.tgz 0ms (cache hit)
647 http cache @radix-ui/react-compose-refs@https://registry.npmjs.org/@radix-ui/react-compose-refs/-/react-compose-refs-1.1.5.tgz 0ms (cache hit)
648 http cache @radix-ui/react-compose-refs@https://registry.npmjs.org/@radix-ui/react-compose-refs/-/react-compose-refs-1.1.5.tgz 0ms (cache hit)
649 http cache @radix-ui/react-compose-refs@https://registry.npmjs.org/@radix-ui/react-compose-refs/-/react-compose-refs-1.1.5.tgz 0ms (cache hit)
650 http cache @radix-ui/react-compose-refs@https://registry.npmjs.org/@radix-ui/react-compose-refs/-/react-compose-refs-1.1.5.tgz 0ms (cache hit)
651 http cache @radix-ui/react-slot@https://registry.npmjs.org/@radix-ui/react-slot/-/react-slot-1.3.3.tgz 0ms (cache hit)
652 http cache @radix-ui/react-compose-refs@https://registry.npmjs.org/@radix-ui/react-compose-refs/-/react-compose-refs-1.1.5.tgz 0ms (cache hit)
653 http cache @radix-ui/react-compose-refs@https://registry.npmjs.org/@radix-ui/react-compose-refs/-/react-compose-refs-1.1.5.tgz 0ms (cache hit)
654 http cache @radix-ui/react-compose-refs@https://registry.npmjs.org/@radix-ui/react-compose-refs/-/react-compose-refs-1.1.5.tgz 0ms (cache hit)
655 http cache @radix-ui/react-compose-refs@https://registry.npmjs.org/@radix-ui/react-compose-refs/-/react-compose-refs-1.1.5.tgz 0ms (cache hit)
656 http cache @radix-ui/react-compose-refs@https://registry.npmjs.org/@radix-ui/react-compose-refs/-/react-compose-refs-1.1.5.tgz 0ms (cache hit)
657 http cache @radix-ui/react-compose-refs@https://registry.npmjs.org/@radix-ui/react-compose-refs/-/react-compose-refs-1.1.5.tgz 0ms (cache hit)
658 http cache @radix-ui/react-slot@https://registry.npmjs.org/@radix-ui/react-slot/-/react-slot-1.3.3.tgz 0ms (cache hit)
659 http cache @radix-ui/react-slot@https://registry.npmjs.org/@radix-ui/react-slot/-/react-slot-1.3.3.tgz 0ms (cache hit)
660 http cache @radix-ui/react-compose-refs@https://registry.npmjs.org/@radix-ui/react-compose-refs/-/react-compose-refs-1.1.5.tgz 0ms (cache hit)
661 http cache @radix-ui/react-compose-refs@https://registry.npmjs.org/@radix-ui/react-compose-refs/-/react-compose-refs-1.1.5.tgz 0ms (cache hit)
662 http cache @radix-ui/react-compose-refs@https://registry.npmjs.org/@radix-ui/react-compose-refs/-/react-compose-refs-1.1.5.tgz 0ms (cache hit)
663 http cache @radix-ui/react-compose-refs@https://registry.npmjs.org/@radix-ui/react-compose-refs/-/react-compose-refs-1.1.5.tgz 0ms (cache hit)
664 http cache @radix-ui/react-compose-refs@https://registry.npmjs.org/@radix-ui/react-compose-refs/-/react-compose-refs-1.1.5.tgz 0ms (cache hit)
665 http cache @radix-ui/react-compose-refs@https://registry.npmjs.org/@radix-ui/react-compose-refs/-/react-compose-refs-1.1.5.tgz 0ms (cache hit)
666 http cache @radix-ui/react-compose-refs@https://registry.npmjs.org/@radix-ui/react-compose-refs/-/react-compose-refs-1.1.5.tgz 0ms (cache hit)
667 http cache @radix-ui/react-slot@https://registry.npmjs.org/@radix-ui/react-slot/-/react-slot-1.3.3.tgz 0ms (cache hit)
668 http cache @radix-ui/react-compose-refs@https://registry.npmjs.org/@radix-ui/react-compose-refs/-/react-compose-refs-1.1.5.tgz 0ms (cache hit)
669 http cache @radix-ui/react-compose-refs@https://registry.npmjs.org/@radix-ui/react-compose-refs/-/react-compose-refs-1.1.5.tgz 0ms (cache hit)
670 http cache @radix-ui/react-compose-refs@https://registry.npmjs.org/@radix-ui/react-compose-refs/-/react-compose-refs-1.1.5.tgz 0ms (cache hit)
671 http cache @radix-ui/react-slot@https://registry.npmjs.org/@radix-ui/react-slot/-/react-slot-1.3.3.tgz 0ms (cache hit)
672 http cache @radix-ui/react-slot@https://registry.npmjs.org/@radix-ui/react-slot/-/react-slot-1.3.3.tgz 0ms (cache hit)
673 http cache @radix-ui/react-compose-refs@https://registry.npmjs.org/@radix-ui/react-compose-refs/-/react-compose-refs-1.1.5.tgz 0ms (cache hit)
674 http cache @radix-ui/react-compose-refs@https://registry.npmjs.org/@radix-ui/react-compose-refs/-/react-compose-refs-1.1.5.tgz 0ms (cache hit)
675 http cache @radix-ui/react-compose-refs@https://registry.npmjs.org/@radix-ui/react-compose-refs/-/react-compose-refs-1.1.5.tgz 0ms (cache hit)
676 http cache @radix-ui/react-compose-refs@https://registry.npmjs.org/@radix-ui/react-compose-refs/-/react-compose-refs-1.1.5.tgz 0ms (cache hit)
677 http cache @radix-ui/react-compose-refs@https://registry.npmjs.org/@radix-ui/react-compose-refs/-/react-compose-refs-1.1.5.tgz 0ms (cache hit)
678 http cache supports-color@https://registry.npmjs.org/supports-color/-/supports-color-10.2.2.tgz 0ms (cache hit)
679 http cache @radix-ui/react-compose-refs@https://registry.npmjs.org/@radix-ui/react-compose-refs/-/react-compose-refs-1.1.5.tgz 0ms (cache hit)
680 http cache json-schema-traverse@https://registry.npmjs.org/json-schema-traverse/-/json-schema-traverse-0.4.1.tgz 0ms (cache hit)
681 http cache esbuild@https://registry.npmjs.org/esbuild/-/esbuild-0.18.20.tgz 0ms (cache hit)
682 http cache eslint-visitor-keys@https://registry.npmjs.org/eslint-visitor-keys/-/eslint-visitor-keys-3.4.3.tgz 0ms (cache hit)
683 silly tarball no local data for zod@https://registry.npmjs.org/zod/-/zod-3.25.76.tgz. Extracting by manifest.
684 http cache ajv@https://registry.npmjs.org/ajv/-/ajv-6.15.0.tgz 0ms (cache hit)
685 silly tarball no local data for youch@https://registry.npmjs.org/youch/-/youch-4.1.0-beta.10.tgz. Extracting by manifest.
686 silly tarball no local data for zod-validation-error@https://registry.npmjs.org/zod-validation-error/-/zod-validation-error-4.0.2.tgz. Extracting by manifest.
687 silly tarball no local data for youch-core@https://registry.npmjs.org/youch-core/-/youch-core-0.3.3.tgz. Extracting by manifest.
688 silly tarball no local data for yoga-layout@https://registry.npmjs.org/yoga-layout/-/yoga-layout-3.2.1.tgz. Extracting by manifest.
689 silly tarball no local data for yallist@https://registry.npmjs.org/yallist/-/yallist-3.1.1.tgz. Extracting by manifest.
690 http cache @esbuild/win32-x64@https://registry.npmjs.org/@esbuild/win32-x64/-/win32-x64-0.18.20.tgz 0ms (cache hit)
691 silly tarball no local data for ws@https://registry.npmjs.org/ws/-/ws-8.18.0.tgz. Extracting by manifest.
692 silly tarball no local data for yocto-queue@https://registry.npmjs.org/yocto-queue/-/yocto-queue-0.1.0.tgz. Extracting by manifest.
693 silly tarball no local data for wrangler@https://registry.npmjs.org/wrangler/-/wrangler-4.92.0.tgz. Extracting by manifest.
694 silly tarball no local data for workerd@https://registry.npmjs.org/workerd/-/workerd-1.20260515.1.tgz. Extracting by manifest.
695 silly tarball no local data for word-wrap@https://registry.npmjs.org/word-wrap/-/word-wrap-1.2.5.tgz. Extracting by manifest.
696 http cache @jridgewell/trace-mapping@https://registry.npmjs.org/@jridgewell/trace-mapping/-/trace-mapping-0.3.9.tgz 0ms (cache hit)
697 silly tarball no local data for which-typed-array@https://registry.npmjs.org/which-typed-array/-/which-typed-array-1.1.20.tgz. Extracting by manifest.
698 silly tarball no local data for which-collection@https://registry.npmjs.org/which-collection/-/which-collection-1.0.2.tgz. Extracting by manifest.
699 silly tarball no local data for which-boxed-primitive@https://registry.npmjs.org/which-boxed-primitive/-/which-boxed-primitive-1.1.1.tgz. Extracting by manifest.
700 silly tarball no local data for which-builtin-type@https://registry.npmjs.org/which-builtin-type/-/which-builtin-type-1.2.1.tgz. Extracting by manifest.
701 silly tarball no local data for webpack@https://registry.npmjs.org/webpack/-/webpack-5.106.2.tgz. Extracting by manifest.
702 silly tarball no local data for which@https://registry.npmjs.org/which/-/which-2.0.2.tgz. Extracting by manifest.
703 silly tarball no local data for webpack-sources@https://registry.npmjs.org/webpack-sources/-/webpack-sources-3.4.1.tgz. Extracting by manifest.
704 silly tarball no local data for web-vitals@https://registry.npmjs.org/web-vitals/-/web-vitals-4.2.4.tgz. Extracting by manifest.
705 silly tarball no local data for vitefu@https://registry.npmjs.org/vitefu/-/vitefu-1.1.3.tgz. Extracting by manifest.
706 silly tarball no local data for watchpack@https://registry.npmjs.org/watchpack/-/watchpack-2.5.1.tgz. Extracting by manifest.
707 silly tarball no local data for vite-plugin-commonjs@https://registry.npmjs.org/vite-plugin-commonjs/-/vite-plugin-commonjs-0.10.4.tgz. Extracting by manifest.
708 silly tarball no local data for vite@https://registry.npmjs.org/vite/-/vite-8.0.13.tgz. Extracting by manifest.
709 silly tarball no local data for victory-vendor@https://registry.npmjs.org/victory-vendor/-/victory-vendor-37.3.6.tgz. Extracting by manifest.
710 silly tarball no local data for vinext@https://registry.npmjs.org/vinext/-/vinext-1.0.0-beta.5.tgz. Extracting by manifest.
711 silly tarball no local data for vite-plugin-dynamic-import@https://registry.npmjs.org/vite-plugin-dynamic-import/-/vite-plugin-dynamic-import-1.6.0.tgz. Extracting by manifest.
712 silly tarball no local data for use-sync-external-store@https://registry.npmjs.org/use-sync-external-store/-/use-sync-external-store-1.6.0.tgz. Extracting by manifest.
713 silly tarball no local data for vaul@https://registry.npmjs.org/vaul/-/vaul-1.1.2.tgz. Extracting by manifest.
714 silly tarball no local data for use-callback-ref@https://registry.npmjs.org/use-callback-ref/-/use-callback-ref-1.3.3.tgz. Extracting by manifest.
715 silly tarball no local data for use-sidecar@https://registry.npmjs.org/use-sidecar/-/use-sidecar-1.1.3.tgz. Extracting by manifest.
716 silly tarball no local data for uri-js@https://registry.npmjs.org/uri-js/-/uri-js-4.4.1.tgz. Extracting by manifest.
717 silly tarball no local data for update-browserslist-db@https://registry.npmjs.org/update-browserslist-db/-/update-browserslist-db-1.2.3.tgz. Extracting by manifest.
718 silly tarball no local data for unrs-resolver@https://registry.npmjs.org/unrs-resolver/-/unrs-resolver-1.11.1.tgz. Extracting by manifest.
719 silly tarball no local data for unpic@https://registry.npmjs.org/unpic/-/unpic-4.2.2.tgz. Extracting by manifest.
720 silly tarball no local data for unenv@https://registry.npmjs.org/unenv/-/unenv-2.0.0-rc.24.tgz. Extracting by manifest.
721 silly tarball no local data for unicode-trie@https://registry.npmjs.org/unicode-trie/-/unicode-trie-2.0.0.tgz. Extracting by manifest.
722 silly tarball no local data for undici-types@https://registry.npmjs.org/undici-types/-/undici-types-6.21.0.tgz. Extracting by manifest.
723 silly tarball no local data for undici@https://registry.npmjs.org/undici/-/undici-7.24.8.tgz. Extracting by manifest.
724 silly tarball no local data for unbox-primitive@https://registry.npmjs.org/unbox-primitive/-/unbox-primitive-1.1.0.tgz. Extracting by manifest.
725 silly tarball no local data for typescript-eslint@https://registry.npmjs.org/typescript-eslint/-/typescript-eslint-8.59.3.tgz. Extracting by manifest.
726 silly tarball no local data for typescript@https://registry.npmjs.org/typescript/-/typescript-5.9.3.tgz. Extracting by manifest.
727 silly tarball no local data for typed-array-length@https://registry.npmjs.org/typed-array-length/-/typed-array-length-1.0.7.tgz. Extracting by manifest.
728 silly tarball no local data for typed-array-byte-offset@https://registry.npmjs.org/typed-array-byte-offset/-/typed-array-byte-offset-1.0.4.tgz. Extracting by manifest.
729 silly tarball no local data for typed-array-byte-length@https://registry.npmjs.org/typed-array-byte-length/-/typed-array-byte-length-1.0.3.tgz. Extracting by manifest.
730 silly tarball no local data for type-check@https://registry.npmjs.org/type-check/-/type-check-0.4.0.tgz. Extracting by manifest.
731 silly tarball no local data for turbo-stream@https://registry.npmjs.org/turbo-stream/-/turbo-stream-3.2.0.tgz. Extracting by manifest.
732 silly tarball no local data for tw-animate-css@https://registry.npmjs.org/tw-animate-css/-/tw-animate-css-1.4.0.tgz. Extracting by manifest.
733 silly tarball no local data for typed-array-buffer@https://registry.npmjs.org/typed-array-buffer/-/typed-array-buffer-1.0.3.tgz. Extracting by manifest.
734 silly tarball no local data for tsx@https://registry.npmjs.org/tsx/-/tsx-4.22.1.tgz. Extracting by manifest.
735 silly tarball no local data for ts-api-utils@https://registry.npmjs.org/ts-api-utils/-/ts-api-utils-2.5.0.tgz. Extracting by manifest.
736 silly tarball no local data for tsconfig-paths@https://registry.npmjs.org/tsconfig-paths/-/tsconfig-paths-3.15.0.tgz. Extracting by manifest.
737 silly tarball no local data for tslib@https://registry.npmjs.org/tslib/-/tslib-2.8.1.tgz. Extracting by manifest.
738 silly tarball no local data for to-regex-range@https://registry.npmjs.org/to-regex-range/-/to-regex-range-5.0.1.tgz. Extracting by manifest.
739 silly tarball no local data for tiny-invariant@https://registry.npmjs.org/tiny-invariant/-/tiny-invariant-1.3.3.tgz. Extracting by manifest.
740 silly tarball no local data for tiny-inflate@https://registry.npmjs.org/tiny-inflate/-/tiny-inflate-1.0.3.tgz. Extracting by manifest.
741 silly tarball no local data for terser-webpack-plugin@https://registry.npmjs.org/terser-webpack-plugin/-/terser-webpack-plugin-5.6.0.tgz. Extracting by manifest.
742 silly tarball no local data for tinyglobby@https://registry.npmjs.org/tinyglobby/-/tinyglobby-0.2.16.tgz. Extracting by manifest.
743 silly tarball no local data for tailwindcss@https://registry.npmjs.org/tailwindcss/-/tailwindcss-4.2.1.tgz. Extracting by manifest.
744 silly tarball no local data for terser@https://registry.npmjs.org/terser/-/terser-5.47.1.tgz. Extracting by manifest.
745 silly tarball no local data for tapable@https://registry.npmjs.org/tapable/-/tapable-2.3.3.tgz. Extracting by manifest.
746 silly tarball no local data for supports-color@https://registry.npmjs.org/supports-color/-/supports-color-7.2.0.tgz. Extracting by manifest.
747 silly tarball no local data for tailwind-merge@https://registry.npmjs.org/tailwind-merge/-/tailwind-merge-3.6.0.tgz. Extracting by manifest.
748 silly tarball no local data for styled-jsx@https://registry.npmjs.org/styled-jsx/-/styled-jsx-5.1.6.tgz. Extracting by manifest.
749 silly tarball no local data for strip-bom@https://registry.npmjs.org/strip-bom/-/strip-bom-3.0.0.tgz. Extracting by manifest.
750 silly tarball no local data for supports-preserve-symlinks-flag@https://registry.npmjs.org/supports-preserve-symlinks-flag/-/supports-preserve-symlinks-flag-1.0.0.tgz. Extracting by manifest.
751 silly tarball no local data for strip-json-comments@https://registry.npmjs.org/strip-json-comments/-/strip-json-comments-3.1.1.tgz. Extracting by manifest.
752 silly tarball no local data for string.prototype.trimstart@https://registry.npmjs.org/string.prototype.trimstart/-/string.prototype.trimstart-1.0.8.tgz. Extracting by manifest.
753 silly tarball no local data for strip-literal@https://registry.npmjs.org/strip-literal/-/strip-literal-3.1.0.tgz. Extracting by manifest.
754 silly tarball no local data for string.prototype.matchall@https://registry.npmjs.org/string.prototype.matchall/-/string.prototype.matchall-4.0.12.tgz. Extracting by manifest.
755 silly tarball no local data for string.prototype.repeat@https://registry.npmjs.org/string.prototype.repeat/-/string.prototype.repeat-1.0.0.tgz. Extracting by manifest.
756 silly tarball no local data for string.prototype.trim@https://registry.npmjs.org/string.prototype.trim/-/string.prototype.trim-1.2.10.tgz. Extracting by manifest.
757 silly tarball no local data for string.prototype.trimend@https://registry.npmjs.org/string.prototype.trimend/-/string.prototype.trimend-1.0.9.tgz. Extracting by manifest.
758 silly tarball no local data for string.prototype.includes@https://registry.npmjs.org/string.prototype.includes/-/string.prototype.includes-2.0.1.tgz. Extracting by manifest.
759 silly tarball no local data for string.prototype.codepointat@https://registry.npmjs.org/string.prototype.codepointat/-/string.prototype.codepointat-0.2.1.tgz. Extracting by manifest.
760 silly tarball no local data for stable-hash@https://registry.npmjs.org/stable-hash/-/stable-hash-0.0.5.tgz. Extracting by manifest.
761 silly tarball no local data for stop-iteration-iterator@https://registry.npmjs.org/stop-iteration-iterator/-/stop-iteration-iterator-1.1.0.tgz. Extracting by manifest.
762 silly tarball no local data for source-map@https://registry.npmjs.org/source-map/-/source-map-0.6.1.tgz. Extracting by manifest.
763 silly tarball no local data for source-map-support@https://registry.npmjs.org/source-map-support/-/source-map-support-0.5.21.tgz. Extracting by manifest.
764 silly tarball no local data for srvx@https://registry.npmjs.org/srvx/-/srvx-0.11.15.tgz. Extracting by manifest.
765 silly tarball no local data for source-map-js@https://registry.npmjs.org/source-map-js/-/source-map-js-1.2.1.tgz. Extracting by manifest.
766 silly tarball no local data for side-channel-weakmap@https://registry.npmjs.org/side-channel-weakmap/-/side-channel-weakmap-1.0.2.tgz. Extracting by manifest.
767 silly tarball no local data for sonner@https://registry.npmjs.org/sonner/-/sonner-2.0.8.tgz. Extracting by manifest.
768 silly tarball no local data for side-channel-map@https://registry.npmjs.org/side-channel-map/-/side-channel-map-1.0.1.tgz. Extracting by manifest.
769 silly tarball no local data for side-channel-list@https://registry.npmjs.org/side-channel-list/-/side-channel-list-1.0.1.tgz. Extracting by manifest.
770 silly tarball no local data for side-channel@https://registry.npmjs.org/side-channel/-/side-channel-1.1.0.tgz. Extracting by manifest.
771 silly tarball no local data for shebang-regex@https://registry.npmjs.org/shebang-regex/-/shebang-regex-3.0.0.tgz. Extracting by manifest.
772 silly tarball no local data for shebang-command@https://registry.npmjs.org/shebang-command/-/shebang-command-2.0.0.tgz. Extracting by manifest.
773 silly tarball no local data for sharp@https://registry.npmjs.org/sharp/-/sharp-0.34.5.tgz. Extracting by manifest.
774 silly tarball no local data for set-function-name@https://registry.npmjs.org/set-function-name/-/set-function-name-2.0.2.tgz. Extracting by manifest.
775 silly tarball no local data for set-proto@https://registry.npmjs.org/set-proto/-/set-proto-1.0.0.tgz. Extracting by manifest.
776 silly tarball no local data for set-function-length@https://registry.npmjs.org/set-function-length/-/set-function-length-1.2.2.tgz. Extracting by manifest.
777 silly tarball no local data for semver@https://registry.npmjs.org/semver/-/semver-6.3.1.tgz. Extracting by manifest.
778 silly tarball no local data for schema-utils@https://registry.npmjs.org/schema-utils/-/schema-utils-4.3.3.tgz. Extracting by manifest.
779 silly tarball no local data for satori@https://registry.npmjs.org/satori/-/satori-0.16.0.tgz. Extracting by manifest.
780 silly tarball no local data for safe-regex-test@https://registry.npmjs.org/safe-regex-test/-/safe-regex-test-1.1.0.tgz. Extracting by manifest.
781 silly tarball no local data for scheduler@https://registry.npmjs.org/scheduler/-/scheduler-0.27.0.tgz. Extracting by manifest.
782 silly tarball no local data for safe-array-concat@https://registry.npmjs.org/safe-array-concat/-/safe-array-concat-1.1.4.tgz. Extracting by manifest.
783 silly tarball no local data for run-parallel@https://registry.npmjs.org/run-parallel/-/run-parallel-1.2.0.tgz. Extracting by manifest.
784 silly tarball no local data for safe-push-apply@https://registry.npmjs.org/safe-push-apply/-/safe-push-apply-1.0.0.tgz. Extracting by manifest.
785 silly tarball no local data for rolldown@https://registry.npmjs.org/rolldown/-/rolldown-1.0.1.tgz. Extracting by manifest.
786 silly tarball no local data for reusify@https://registry.npmjs.org/reusify/-/reusify-1.1.0.tgz. Extracting by manifest.
787 silly tarball no local data for resolve-pkg-maps@https://registry.npmjs.org/resolve-pkg-maps/-/resolve-pkg-maps-1.0.0.tgz. Extracting by manifest.
788 silly tarball no local data for resolve-from@https://registry.npmjs.org/resolve-from/-/resolve-from-4.0.0.tgz. Extracting by manifest.
789 silly tarball no local data for resolve@https://registry.npmjs.org/resolve/-/resolve-2.0.0-next.7.tgz. Extracting by manifest.
790 silly tarball no local data for require-from-string@https://registry.npmjs.org/require-from-string/-/require-from-string-2.0.2.tgz. Extracting by manifest.
791 silly tarball no local data for reselect@https://registry.npmjs.org/reselect/-/reselect-5.2.0.tgz. Extracting by manifest.
792 silly tarball no local data for regexp.prototype.flags@https://registry.npmjs.org/regexp.prototype.flags/-/regexp.prototype.flags-1.5.4.tgz. Extracting by manifest.
793 silly tarball no local data for reflect.getprototypeof@https://registry.npmjs.org/reflect.getprototypeof/-/reflect.getprototypeof-1.0.10.tgz. Extracting by manifest.
794 silly tarball no local data for redux-thunk@https://registry.npmjs.org/redux-thunk/-/redux-thunk-3.1.0.tgz. Extracting by manifest.
795 silly tarball no local data for recharts@https://registry.npmjs.org/recharts/-/recharts-3.8.0.tgz. Extracting by manifest.
796 silly tarball no local data for redux@https://registry.npmjs.org/redux/-/redux-5.0.1.tgz. Extracting by manifest.
797 silly tarball no local data for react-resizable-panels@https://registry.npmjs.org/react-resizable-panels/-/react-resizable-panels-4.12.2.tgz. Extracting by manifest.
798 silly tarball no local data for react-style-singleton@https://registry.npmjs.org/react-style-singleton/-/react-style-singleton-2.2.3.tgz. Extracting by manifest.
799 silly tarball no local data for react-server-dom-webpack@https://registry.npmjs.org/react-server-dom-webpack/-/react-server-dom-webpack-19.2.6.tgz. Extracting by manifest.
800 silly tarball no local data for react-remove-scroll-bar@https://registry.npmjs.org/react-remove-scroll-bar/-/react-remove-scroll-bar-2.3.8.tgz. Extracting by manifest.
801 silly tarball no local data for react-remove-scroll@https://registry.npmjs.org/react-remove-scroll/-/react-remove-scroll-2.7.2.tgz. Extracting by manifest.
802 silly tarball no local data for react-redux@https://registry.npmjs.org/react-redux/-/react-redux-9.3.0.tgz. Extracting by manifest.
803 silly tarball no local data for react-is@https://registry.npmjs.org/react-is/-/react-is-16.13.1.tgz. Extracting by manifest.
804 silly tarball no local data for react-hook-form@https://registry.npmjs.org/react-hook-form/-/react-hook-form-7.85.0.tgz. Extracting by manifest.
805 silly tarball no local data for react-dom@https://registry.npmjs.org/react-dom/-/react-dom-19.2.6.tgz. Extracting by manifest.
806 silly tarball no local data for react-day-picker@https://registry.npmjs.org/react-day-picker/-/react-day-picker-10.0.1.tgz. Extracting by manifest.
807 silly tarball no local data for radix-ui@https://registry.npmjs.org/radix-ui/-/radix-ui-1.6.7.tgz. Extracting by manifest.
808 silly tarball no local data for react@https://registry.npmjs.org/react/-/react-19.2.6.tgz. Extracting by manifest.
809 silly tarball no local data for punycode@https://registry.npmjs.org/punycode/-/punycode-2.3.1.tgz. Extracting by manifest.
810 silly tarball no local data for queue-microtask@https://registry.npmjs.org/queue-microtask/-/queue-microtask-1.2.3.tgz. Extracting by manifest.
811 silly tarball no local data for prop-types@https://registry.npmjs.org/prop-types/-/prop-types-15.8.1.tgz. Extracting by manifest.
812 silly tarball no local data for prelude-ls@https://registry.npmjs.org/prelude-ls/-/prelude-ls-1.2.1.tgz. Extracting by manifest.
813 silly tarball no local data for postcss-value-parser@https://registry.npmjs.org/postcss-value-parser/-/postcss-value-parser-4.2.0.tgz. Extracting by manifest.
814 silly tarball no local data for postcss@https://registry.npmjs.org/postcss/-/postcss-8.5.14.tgz. Extracting by manifest.
815 silly tarball no local data for picomatch@https://registry.npmjs.org/picomatch/-/picomatch-2.3.2.tgz. Extracting by manifest.
816 silly tarball no local data for possible-typed-array-names@https://registry.npmjs.org/possible-typed-array-names/-/possible-typed-array-names-1.1.0.tgz. Extracting by manifest.
817 silly tarball no local data for picocolors@https://registry.npmjs.org/picocolors/-/picocolors-1.1.1.tgz. Extracting by manifest.
818 silly tarball no local data for pathe@https://registry.npmjs.org/pathe/-/pathe-2.0.3.tgz. Extracting by manifest.
819 silly tarball no local data for path-key@https://registry.npmjs.org/path-key/-/path-key-3.1.1.tgz. Extracting by manifest.
820 silly tarball no local data for path-to-regexp@https://registry.npmjs.org/path-to-regexp/-/path-to-regexp-6.3.0.tgz. Extracting by manifest.
821 silly tarball no local data for path-parse@https://registry.npmjs.org/path-parse/-/path-parse-1.0.7.tgz. Extracting by manifest.
822 silly tarball no local data for path-exists@https://registry.npmjs.org/path-exists/-/path-exists-4.0.0.tgz. Extracting by manifest.
823 silly tarball no local data for parent-module@https://registry.npmjs.org/parent-module/-/parent-module-1.0.1.tgz. Extracting by manifest.
824 silly tarball no local data for p-locate@https://registry.npmjs.org/p-locate/-/p-locate-5.0.0.tgz. Extracting by manifest.
825 silly tarball no local data for parse-css-color@https://registry.npmjs.org/parse-css-color/-/parse-css-color-0.2.1.tgz. Extracting by manifest.
826 silly tarball no local data for optionator@https://registry.npmjs.org/optionator/-/optionator-0.9.4.tgz. Extracting by manifest.
827 silly tarball no local data for own-keys@https://registry.npmjs.org/own-keys/-/own-keys-1.0.1.tgz. Extracting by manifest.
828 silly tarball no local data for p-limit@https://registry.npmjs.org/p-limit/-/p-limit-3.1.0.tgz. Extracting by manifest.
829 silly tarball no local data for object.values@https://registry.npmjs.org/object.values/-/object.values-1.2.1.tgz. Extracting by manifest.
830 silly tarball no local data for object.fromentries@https://registry.npmjs.org/object.fromentries/-/object.fromentries-2.0.8.tgz. Extracting by manifest.
831 silly tarball no local data for object.entries@https://registry.npmjs.org/object.entries/-/object.entries-1.1.9.tgz. Extracting by manifest.
832 silly tarball no local data for object.groupby@https://registry.npmjs.org/object.groupby/-/object.groupby-1.0.3.tgz. Extracting by manifest.
833 silly tarball no local data for pako@https://registry.npmjs.org/pako/-/pako-0.2.9.tgz. Extracting by manifest.
834 silly tarball no local data for object-inspect@https://registry.npmjs.org/object-inspect/-/object-inspect-1.13.4.tgz. Extracting by manifest.
835 silly tarball no local data for object-assign@https://registry.npmjs.org/object-assign/-/object-assign-4.1.1.tgz. Extracting by manifest.
836 silly tarball no local data for object.assign@https://registry.npmjs.org/object.assign/-/object.assign-4.1.7.tgz. Extracting by manifest.
837 silly tarball no local data for object-keys@https://registry.npmjs.org/object-keys/-/object-keys-1.1.1.tgz. Extracting by manifest.
838 silly tarball no local data for node-exports-info@https://registry.npmjs.org/node-exports-info/-/node-exports-info-1.6.0.tgz. Extracting by manifest.
839 silly tarball no local data for next-themes@https://registry.npmjs.org/next-themes/-/next-themes-0.4.6.tgz. Extracting by manifest.
840 silly tarball no local data for neo-async@https://registry.npmjs.org/neo-async/-/neo-async-2.6.2.tgz. Extracting by manifest.
841 silly tarball no local data for next@https://registry.npmjs.org/next/-/next-16.2.6.tgz. Extracting by manifest.
842 silly tarball no local data for natural-compare@https://registry.npmjs.org/natural-compare/-/natural-compare-1.4.0.tgz. Extracting by manifest.
843 silly tarball no local data for node-releases@https://registry.npmjs.org/node-releases/-/node-releases-2.0.44.tgz. Extracting by manifest.
844 silly tarball no local data for napi-postinstall@https://registry.npmjs.org/napi-postinstall/-/napi-postinstall-0.3.4.tgz. Extracting by manifest.
845 silly tarball no local data for ms@https://registry.npmjs.org/ms/-/ms-2.1.3.tgz. Extracting by manifest.
846 silly tarball no local data for minimist@https://registry.npmjs.org/minimist/-/minimist-1.2.8.tgz. Extracting by manifest.
847 silly tarball no local data for nanoid@https://registry.npmjs.org/nanoid/-/nanoid-3.3.12.tgz. Extracting by manifest.
848 silly tarball no local data for minimatch@https://registry.npmjs.org/minimatch/-/minimatch-3.1.5.tgz. Extracting by manifest.
849 silly tarball no local data for mime-db@https://registry.npmjs.org/mime-db/-/mime-db-1.54.0.tgz. Extracting by manifest.
850 silly tarball no local data for miniflare@https://registry.npmjs.org/miniflare/-/miniflare-4.20260515.0.tgz. Extracting by manifest.
851 silly tarball no local data for micromatch@https://registry.npmjs.org/micromatch/-/micromatch-4.0.8.tgz. Extracting by manifest.
852 silly tarball no local data for merge-stream@https://registry.npmjs.org/merge-stream/-/merge-stream-2.0.0.tgz. Extracting by manifest.
853 silly tarball no local data for merge2@https://registry.npmjs.org/merge2/-/merge2-1.4.1.tgz. Extracting by manifest.
854 silly tarball no local data for magic-string@https://registry.npmjs.org/magic-string/-/magic-string-0.30.21.tgz. Extracting by manifest.
855 silly tarball no local data for math-intrinsics@https://registry.npmjs.org/math-intrinsics/-/math-intrinsics-1.1.0.tgz. Extracting by manifest.
856 silly tarball no local data for lru-cache@https://registry.npmjs.org/lru-cache/-/lru-cache-5.1.1.tgz. Extracting by manifest.
857 silly tarball no local data for lucide-react@https://registry.npmjs.org/lucide-react/-/lucide-react-1.31.0.tgz. Extracting by manifest.
858 silly tarball no local data for lodash.merge@https://registry.npmjs.org/lodash.merge/-/lodash.merge-4.6.2.tgz. Extracting by manifest.
859 silly tarball no local data for loose-envify@https://registry.npmjs.org/loose-envify/-/loose-envify-1.4.0.tgz. Extracting by manifest.
860 silly tarball no local data for locate-path@https://registry.npmjs.org/locate-path/-/locate-path-6.0.0.tgz. Extracting by manifest.
861 silly tarball no local data for loader-runner@https://registry.npmjs.org/loader-runner/-/loader-runner-4.3.2.tgz. Extracting by manifest.
862 silly tarball no local data for linebreak@https://registry.npmjs.org/linebreak/-/linebreak-1.1.0.tgz. Extracting by manifest.
863 silly tarball no local data for lightningcss-win32-x64-msvc@https://registry.npmjs.org/lightningcss-win32-x64-msvc/-/lightningcss-win32-x64-msvc-1.31.1.tgz. Extracting by manifest.
864 silly tarball no local data for lightningcss@https://registry.npmjs.org/lightningcss/-/lightningcss-1.31.1.tgz. Extracting by manifest.
865 silly tarball no local data for levn@https://registry.npmjs.org/levn/-/levn-0.4.1.tgz. Extracting by manifest.
866 silly tarball no local data for language-tags@https://registry.npmjs.org/language-tags/-/language-tags-1.0.9.tgz. Extracting by manifest.
867 silly tarball no local data for language-subtag-registry@https://registry.npmjs.org/language-subtag-registry/-/language-subtag-registry-0.3.23.tgz. Extracting by manifest.
868 silly tarball no local data for kleur@https://registry.npmjs.org/kleur/-/kleur-4.1.5.tgz. Extracting by manifest.
869 silly tarball no local data for keyv@https://registry.npmjs.org/keyv/-/keyv-4.5.4.tgz. Extracting by manifest.
870 silly tarball no local data for jsx-ast-utils@https://registry.npmjs.org/jsx-ast-utils/-/jsx-ast-utils-3.3.5.tgz. Extracting by manifest.
871 silly tarball no local data for json-stable-stringify-without-jsonify@https://registry.npmjs.org/json-stable-stringify-without-jsonify/-/json-stable-stringify-without-jsonify-1.0.1.tgz. Extracting by manifest.
872 silly tarball no local data for json5@https://registry.npmjs.org/json5/-/json5-2.2.3.tgz. Extracting by manifest.
873 silly tarball no local data for json-buffer@https://registry.npmjs.org/json-buffer/-/json-buffer-3.0.1.tgz. Extracting by manifest.
874 silly tarball no local data for json-schema-traverse@https://registry.npmjs.org/json-schema-traverse/-/json-schema-traverse-1.0.0.tgz. Extracting by manifest.
875 silly tarball no local data for jsesc@https://registry.npmjs.org/jsesc/-/jsesc-3.1.0.tgz. Extracting by manifest.
876 silly tarball no local data for js-yaml@https://registry.npmjs.org/js-yaml/-/js-yaml-4.1.1.tgz. Extracting by manifest.
877 silly tarball no local data for jiti@https://registry.npmjs.org/jiti/-/jiti-2.7.0.tgz. Extracting by manifest.
878 silly tarball no local data for jest-worker@https://registry.npmjs.org/jest-worker/-/jest-worker-27.5.1.tgz. Extracting by manifest.
879 silly tarball no local data for js-tokens@https://registry.npmjs.org/js-tokens/-/js-tokens-4.0.0.tgz. Extracting by manifest.
880 silly tarball no local data for isarray@https://registry.npmjs.org/isarray/-/isarray-2.0.5.tgz. Extracting by manifest.
881 silly tarball no local data for isexe@https://registry.npmjs.org/isexe/-/isexe-2.0.0.tgz. Extracting by manifest.
882 silly tarball no local data for iterator.prototype@https://registry.npmjs.org/iterator.prototype/-/iterator.prototype-1.1.5.tgz. Extracting by manifest.
883 silly tarball no local data for is-weakref@https://registry.npmjs.org/is-weakref/-/is-weakref-1.1.1.tgz. Extracting by manifest.
884 silly tarball no local data for is-weakset@https://registry.npmjs.org/is-weakset/-/is-weakset-2.0.4.tgz. Extracting by manifest.
885 silly tarball no local data for is-weakmap@https://registry.npmjs.org/is-weakmap/-/is-weakmap-2.0.2.tgz. Extracting by manifest.
886 silly tarball no local data for is-shared-array-buffer@https://registry.npmjs.org/is-shared-array-buffer/-/is-shared-array-buffer-1.0.4.tgz. Extracting by manifest.
887 silly tarball no local data for is-string@https://registry.npmjs.org/is-string/-/is-string-1.1.1.tgz. Extracting by manifest.
888 silly tarball no local data for is-typed-array@https://registry.npmjs.org/is-typed-array/-/is-typed-array-1.1.15.tgz. Extracting by manifest.
889 silly tarball no local data for is-regex@https://registry.npmjs.org/is-regex/-/is-regex-1.2.1.tgz. Extracting by manifest.
890 silly tarball no local data for is-set@https://registry.npmjs.org/is-set/-/is-set-2.0.3.tgz. Extracting by manifest.
891 silly tarball no local data for is-symbol@https://registry.npmjs.org/is-symbol/-/is-symbol-1.1.1.tgz. Extracting by manifest.
892 silly tarball no local data for is-number-object@https://registry.npmjs.org/is-number-object/-/is-number-object-1.1.1.tgz. Extracting by manifest.
893 silly tarball no local data for is-glob@https://registry.npmjs.org/is-glob/-/is-glob-4.0.3.tgz. Extracting by manifest.
894 silly tarball no local data for is-negative-zero@https://registry.npmjs.org/is-negative-zero/-/is-negative-zero-2.0.3.tgz. Extracting by manifest.
895 silly tarball no local data for is-map@https://registry.npmjs.org/is-map/-/is-map-2.0.3.tgz. Extracting by manifest.
896 silly tarball no local data for is-generator-function@https://registry.npmjs.org/is-generator-function/-/is-generator-function-1.1.2.tgz. Extracting by manifest.
897 silly tarball no local data for is-finalizationregistry@https://registry.npmjs.org/is-finalizationregistry/-/is-finalizationregistry-1.1.1.tgz. Extracting by manifest.
898 silly tarball no local data for is-extglob@https://registry.npmjs.org/is-extglob/-/is-extglob-2.1.1.tgz. Extracting by manifest.
899 silly tarball no local data for is-date-object@https://registry.npmjs.org/is-date-object/-/is-date-object-1.1.0.tgz. Extracting by manifest.
900 silly tarball no local data for is-data-view@https://registry.npmjs.org/is-data-view/-/is-data-view-1.0.2.tgz. Extracting by manifest.
901 silly tarball no local data for is-bun-module@https://registry.npmjs.org/is-bun-module/-/is-bun-module-2.0.0.tgz. Extracting by manifest.
902 silly tarball no local data for is-number@https://registry.npmjs.org/is-number/-/is-number-7.0.0.tgz. Extracting by manifest.
903 silly tarball no local data for is-core-module@https://registry.npmjs.org/is-core-module/-/is-core-module-2.16.2.tgz. Extracting by manifest.
904 silly tarball no local data for is-callable@https://registry.npmjs.org/is-callable/-/is-callable-1.2.7.tgz. Extracting by manifest.
905 silly tarball no local data for is-boolean-object@https://registry.npmjs.org/is-boolean-object/-/is-boolean-object-1.2.2.tgz. Extracting by manifest.
906 silly tarball no local data for is-async-function@https://registry.npmjs.org/is-async-function/-/is-async-function-2.1.1.tgz. Extracting by manifest.
907 silly tarball no local data for is-bigint@https://registry.npmjs.org/is-bigint/-/is-bigint-1.1.0.tgz. Extracting by manifest.
908 silly tarball no local data for is-array-buffer@https://registry.npmjs.org/is-array-buffer/-/is-array-buffer-3.0.5.tgz. Extracting by manifest.
909 silly tarball no local data for ipaddr.js@https://registry.npmjs.org/ipaddr.js/-/ipaddr.js-2.4.0.tgz. Extracting by manifest.
910 silly tarball no local data for internmap@https://registry.npmjs.org/internmap/-/internmap-2.0.3.tgz. Extracting by manifest.
911 silly tarball no local data for internal-slot@https://registry.npmjs.org/internal-slot/-/internal-slot-1.1.0.tgz. Extracting by manifest.
912 silly tarball no local data for input-otp@https://registry.npmjs.org/input-otp/-/input-otp-1.4.2.tgz. Extracting by manifest.
913 silly tarball no local data for image-size@https://registry.npmjs.org/image-size/-/image-size-2.0.2.tgz. Extracting by manifest.
914 silly tarball no local data for imurmurhash@https://registry.npmjs.org/imurmurhash/-/imurmurhash-0.1.4.tgz. Extracting by manifest.
915 silly tarball no local data for immer@https://registry.npmjs.org/immer/-/immer-10.2.0.tgz. Extracting by manifest.
916 silly tarball no local data for ignore@https://registry.npmjs.org/ignore/-/ignore-5.3.2.tgz. Extracting by manifest.
917 silly tarball no local data for import-fresh@https://registry.npmjs.org/import-fresh/-/import-fresh-3.3.1.tgz. Extracting by manifest.
918 silly tarball no local data for hermes-parser@https://registry.npmjs.org/hermes-parser/-/hermes-parser-0.25.1.tgz. Extracting by manifest.
919 silly tarball no local data for hex-rgb@https://registry.npmjs.org/hex-rgb/-/hex-rgb-4.3.0.tgz. Extracting by manifest.
920 silly tarball no local data for hermes-estree@https://registry.npmjs.org/hermes-estree/-/hermes-estree-0.25.1.tgz. Extracting by manifest.
921 silly tarball no local data for hasown@https://registry.npmjs.org/hasown/-/hasown-2.0.3.tgz. Extracting by manifest.
922 silly tarball no local data for has-tostringtag@https://registry.npmjs.org/has-tostringtag/-/has-tostringtag-1.0.2.tgz. Extracting by manifest.
923 silly tarball no local data for has-proto@https://registry.npmjs.org/has-proto/-/has-proto-1.2.0.tgz. Extracting by manifest.
924 silly tarball no local data for has-property-descriptors@https://registry.npmjs.org/has-property-descriptors/-/has-property-descriptors-1.0.2.tgz. Extracting by manifest.
925 silly tarball no local data for has-symbols@https://registry.npmjs.org/has-symbols/-/has-symbols-1.1.0.tgz. Extracting by manifest.
926 silly tarball no local data for has-flag@https://registry.npmjs.org/has-flag/-/has-flag-4.0.0.tgz. Extracting by manifest.
927 silly tarball no local data for has-bigints@https://registry.npmjs.org/has-bigints/-/has-bigints-1.1.0.tgz. Extracting by manifest.
928 silly tarball no local data for graceful-fs@https://registry.npmjs.org/graceful-fs/-/graceful-fs-4.2.11.tgz. Extracting by manifest.
929 silly tarball no local data for glob-to-regexp@https://registry.npmjs.org/glob-to-regexp/-/glob-to-regexp-0.4.1.tgz. Extracting by manifest.
930 silly tarball no local data for gopd@https://registry.npmjs.org/gopd/-/gopd-1.2.0.tgz. Extracting by manifest.
931 silly tarball no local data for globalthis@https://registry.npmjs.org/globalthis/-/globalthis-1.0.4.tgz. Extracting by manifest.
932 silly tarball no local data for globals@https://registry.npmjs.org/globals/-/globals-14.0.0.tgz. Extracting by manifest.
933 silly tarball no local data for glob-parent@https://registry.npmjs.org/glob-parent/-/glob-parent-6.0.2.tgz. Extracting by manifest.
934 silly tarball no local data for get-tsconfig@https://registry.npmjs.org/get-tsconfig/-/get-tsconfig-4.14.0.tgz. Extracting by manifest.
935 silly tarball no local data for get-symbol-description@https://registry.npmjs.org/get-symbol-description/-/get-symbol-description-1.1.0.tgz. Extracting by manifest.
936 silly tarball no local data for get-nonce@https://registry.npmjs.org/get-nonce/-/get-nonce-1.0.1.tgz. Extracting by manifest.
937 silly tarball no local data for get-intrinsic@https://registry.npmjs.org/get-intrinsic/-/get-intrinsic-1.3.0.tgz. Extracting by manifest.
938 silly tarball no local data for get-proto@https://registry.npmjs.org/get-proto/-/get-proto-1.0.1.tgz. Extracting by manifest.
939 silly tarball no local data for generator-function@https://registry.npmjs.org/generator-function/-/generator-function-2.0.1.tgz. Extracting by manifest.
940 silly tarball no local data for gensync@https://registry.npmjs.org/gensync/-/gensync-1.0.0-beta.2.tgz. Extracting by manifest.
941 silly tarball no local data for function-bind@https://registry.npmjs.org/function-bind/-/function-bind-1.1.2.tgz. Extracting by manifest.
942 silly tarball no local data for function.prototype.name@https://registry.npmjs.org/function.prototype.name/-/function.prototype.name-1.1.8.tgz. Extracting by manifest.
943 silly tarball no local data for functions-have-names@https://registry.npmjs.org/functions-have-names/-/functions-have-names-1.2.3.tgz. Extracting by manifest.
944 silly tarball no local data for flatted@https://registry.npmjs.org/flatted/-/flatted-3.4.2.tgz. Extracting by manifest.
945 silly tarball no local data for for-each@https://registry.npmjs.org/for-each/-/for-each-0.3.5.tgz. Extracting by manifest.
946 silly tarball no local data for flat-cache@https://registry.npmjs.org/flat-cache/-/flat-cache-4.0.1.tgz. Extracting by manifest.
947 silly tarball no local data for find-up@https://registry.npmjs.org/find-up/-/find-up-5.0.0.tgz. Extracting by manifest.
948 silly tarball no local data for file-entry-cache@https://registry.npmjs.org/file-entry-cache/-/file-entry-cache-8.0.0.tgz. Extracting by manifest.
949 silly tarball no local data for fflate@https://registry.npmjs.org/fflate/-/fflate-0.7.4.tgz. Extracting by manifest.
950 silly tarball no local data for fill-range@https://registry.npmjs.org/fill-range/-/fill-range-7.1.1.tgz. Extracting by manifest.
951 silly tarball no local data for fastq@https://registry.npmjs.org/fastq/-/fastq-1.20.1.tgz. Extracting by manifest.
952 silly tarball no local data for fast-levenshtein@https://registry.npmjs.org/fast-levenshtein/-/fast-levenshtein-2.0.6.tgz. Extracting by manifest.
953 silly tarball no local data for fast-uri@https://registry.npmjs.org/fast-uri/-/fast-uri-3.1.2.tgz. Extracting by manifest.
954 silly tarball no local data for fast-json-stable-stringify@https://registry.npmjs.org/fast-json-stable-stringify/-/fast-json-stable-stringify-2.1.0.tgz. Extracting by manifest.
955 silly tarball no local data for fast-glob@https://registry.npmjs.org/fast-glob/-/fast-glob-3.3.1.tgz. Extracting by manifest.
956 silly tarball no local data for events@https://registry.npmjs.org/events/-/events-3.3.0.tgz. Extracting by manifest.
957 silly tarball no local data for fast-deep-equal@https://registry.npmjs.org/fast-deep-equal/-/fast-deep-equal-3.1.3.tgz. Extracting by manifest.
958 silly tarball no local data for estree-walker@https://registry.npmjs.org/estree-walker/-/estree-walker-3.0.3.tgz. Extracting by manifest.
959 silly tarball no local data for esutils@https://registry.npmjs.org/esutils/-/esutils-2.0.3.tgz. Extracting by manifest.
960 silly tarball no local data for estraverse@https://registry.npmjs.org/estraverse/-/estraverse-5.3.0.tgz. Extracting by manifest.
961 silly tarball no local data for esrecurse@https://registry.npmjs.org/esrecurse/-/esrecurse-4.3.0.tgz. Extracting by manifest.
962 silly tarball no local data for eventemitter3@https://registry.npmjs.org/eventemitter3/-/eventemitter3-5.0.4.tgz. Extracting by manifest.
963 silly tarball no local data for esquery@https://registry.npmjs.org/esquery/-/esquery-1.7.0.tgz. Extracting by manifest.
964 silly tarball no local data for espree@https://registry.npmjs.org/espree/-/espree-10.4.0.tgz. Extracting by manifest.
965 silly tarball no local data for eslint-visitor-keys@https://registry.npmjs.org/eslint-visitor-keys/-/eslint-visitor-keys-4.2.1.tgz. Extracting by manifest.
966 silly tarball no local data for eslint-scope@https://registry.npmjs.org/eslint-scope/-/eslint-scope-8.4.0.tgz. Extracting by manifest.
967 silly tarball no local data for eslint-plugin-react-hooks@https://registry.npmjs.org/eslint-plugin-react-hooks/-/eslint-plugin-react-hooks-7.1.1.tgz. Extracting by manifest.
968 silly tarball no local data for eslint-plugin-react@https://registry.npmjs.org/eslint-plugin-react/-/eslint-plugin-react-7.37.5.tgz. Extracting by manifest.
969 silly tarball no local data for eslint-plugin-jsx-a11y@https://registry.npmjs.org/eslint-plugin-jsx-a11y/-/eslint-plugin-jsx-a11y-6.10.2.tgz. Extracting by manifest.
970 silly tarball no local data for eslint-plugin-import@https://registry.npmjs.org/eslint-plugin-import/-/eslint-plugin-import-2.32.0.tgz. Extracting by manifest.
971 silly tarball no local data for eslint-module-utils@https://registry.npmjs.org/eslint-module-utils/-/eslint-module-utils-2.12.1.tgz. Extracting by manifest.
972 silly tarball no local data for eslint-import-resolver-typescript@https://registry.npmjs.org/eslint-import-resolver-typescript/-/eslint-import-resolver-typescript-3.10.1.tgz. Extracting by manifest.
973 silly tarball no local data for eslint-import-resolver-node@https://registry.npmjs.org/eslint-import-resolver-node/-/eslint-import-resolver-node-0.3.10.tgz. Extracting by manifest.
974 silly tarball no local data for eslint-config-next@https://registry.npmjs.org/eslint-config-next/-/eslint-config-next-16.2.6.tgz. Extracting by manifest.
975 silly tarball no local data for eslint@https://registry.npmjs.org/eslint/-/eslint-9.39.4.tgz. Extracting by manifest.
976 silly tarball no local data for escape-string-regexp@https://registry.npmjs.org/escape-string-regexp/-/escape-string-regexp-4.0.0.tgz. Extracting by manifest.
977 silly tarball no local data for escape-html@https://registry.npmjs.org/escape-html/-/escape-html-1.0.3.tgz. Extracting by manifest.
978 silly tarball no local data for escalade@https://registry.npmjs.org/escalade/-/escalade-3.2.0.tgz. Extracting by manifest.
979 silly tarball no local data for esbuild@https://registry.npmjs.org/esbuild/-/esbuild-0.28.0.tgz. Extracting by manifest.
980 silly tarball no local data for es-toolkit@https://registry.npmjs.org/es-toolkit/-/es-toolkit-1.50.0.tgz. Extracting by manifest.
981 silly tarball no local data for es-to-primitive@https://registry.npmjs.org/es-to-primitive/-/es-to-primitive-1.3.0.tgz. Extracting by manifest.
982 silly tarball no local data for es-shim-unscopables@https://registry.npmjs.org/es-shim-unscopables/-/es-shim-unscopables-1.1.0.tgz. Extracting by manifest.
983 silly tarball no local data for es-object-atoms@https://registry.npmjs.org/es-object-atoms/-/es-object-atoms-1.1.1.tgz. Extracting by manifest.
984 silly tarball no local data for es-set-tostringtag@https://registry.npmjs.org/es-set-tostringtag/-/es-set-tostringtag-2.1.0.tgz. Extracting by manifest.
985 silly tarball no local data for es-iterator-helpers@https://registry.npmjs.org/es-iterator-helpers/-/es-iterator-helpers-1.3.2.tgz. Extracting by manifest.
986 silly tarball no local data for es-module-lexer@https://registry.npmjs.org/es-module-lexer/-/es-module-lexer-2.1.0.tgz. Extracting by manifest.
987 silly tarball no local data for es-errors@https://registry.npmjs.org/es-errors/-/es-errors-1.3.0.tgz. Extracting by manifest.
988 silly tarball no local data for es-define-property@https://registry.npmjs.org/es-define-property/-/es-define-property-1.0.1.tgz. Extracting by manifest.
989 silly tarball no local data for es-abstract@https://registry.npmjs.org/es-abstract/-/es-abstract-1.24.2.tgz. Extracting by manifest.
990 silly tarball no local data for error-stack-parser-es@https://registry.npmjs.org/error-stack-parser-es/-/error-stack-parser-es-1.0.5.tgz. Extracting by manifest.
991 silly tarball no local data for enhanced-resolve@https://registry.npmjs.org/enhanced-resolve/-/enhanced-resolve-5.21.3.tgz. Extracting by manifest.
992 silly tarball no local data for emoji-regex@https://registry.npmjs.org/emoji-regex/-/emoji-regex-9.2.2.tgz. Extracting by manifest.
993 silly tarball no local data for emoji-regex-xs@https://registry.npmjs.org/emoji-regex-xs/-/emoji-regex-xs-2.0.1.tgz. Extracting by manifest.
994 silly tarball no local data for embla-carousel-reactive-utils@https://registry.npmjs.org/embla-carousel-reactive-utils/-/embla-carousel-reactive-utils-8.6.0.tgz. Extracting by manifest.
995 silly tarball no local data for embla-carousel-react@https://registry.npmjs.org/embla-carousel-react/-/embla-carousel-react-8.6.0.tgz. Extracting by manifest.
996 silly tarball no local data for electron-to-chromium@https://registry.npmjs.org/electron-to-chromium/-/electron-to-chromium-1.5.358.tgz. Extracting by manifest.
997 silly tarball no local data for drizzle-kit@https://registry.npmjs.org/drizzle-kit/-/drizzle-kit-0.31.10.tgz. Extracting by manifest.
998 silly tarball no local data for drizzle-orm@https://registry.npmjs.org/drizzle-orm/-/drizzle-orm-0.45.2.tgz. Extracting by manifest.
999 silly tarball no local data for embla-carousel@https://registry.npmjs.org/embla-carousel/-/embla-carousel-8.6.0.tgz. Extracting by manifest.
1000 silly tarball no local data for doctrine@https://registry.npmjs.org/doctrine/-/doctrine-2.1.0.tgz. Extracting by manifest.
1001 silly tarball no local data for dunder-proto@https://registry.npmjs.org/dunder-proto/-/dunder-proto-1.0.1.tgz. Extracting by manifest.
1002 silly tarball no local data for define-properties@https://registry.npmjs.org/define-properties/-/define-properties-1.2.1.tgz. Extracting by manifest.
1003 silly tarball no local data for define-data-property@https://registry.npmjs.org/define-data-property/-/define-data-property-1.1.4.tgz. Extracting by manifest.
1004 silly tarball no local data for detect-node-es@https://registry.npmjs.org/detect-node-es/-/detect-node-es-1.1.0.tgz. Extracting by manifest.
1005 silly tarball no local data for detect-libc@https://registry.npmjs.org/detect-libc/-/detect-libc-2.1.2.tgz. Extracting by manifest.
1006 silly tarball no local data for deep-is@https://registry.npmjs.org/deep-is/-/deep-is-0.1.4.tgz. Extracting by manifest.
1007 silly tarball no local data for debug@https://registry.npmjs.org/debug/-/debug-4.4.3.tgz. Extracting by manifest.
1008 silly tarball no local data for data-view-byte-offset@https://registry.npmjs.org/data-view-byte-offset/-/data-view-byte-offset-1.0.1.tgz. Extracting by manifest.
1009 silly tarball no local data for decimal.js-light@https://registry.npmjs.org/decimal.js-light/-/decimal.js-light-2.5.1.tgz. Extracting by manifest.
1010 silly tarball no local data for date-fns@https://registry.npmjs.org/date-fns/-/date-fns-4.4.0.tgz. Extracting by manifest.
1011 silly tarball no local data for data-view-byte-length@https://registry.npmjs.org/data-view-byte-length/-/data-view-byte-length-1.0.2.tgz. Extracting by manifest.
1012 silly tarball no local data for damerau-levenshtein@https://registry.npmjs.org/damerau-levenshtein/-/damerau-levenshtein-1.0.8.tgz. Extracting by manifest.
1013 silly tarball no local data for d3-timer@https://registry.npmjs.org/d3-timer/-/d3-timer-3.0.1.tgz. Extracting by manifest.
1014 silly tarball no local data for data-view-buffer@https://registry.npmjs.org/data-view-buffer/-/data-view-buffer-1.0.2.tgz. Extracting by manifest.
1015 silly tarball no local data for d3-shape@https://registry.npmjs.org/d3-shape/-/d3-shape-3.2.0.tgz. Extracting by manifest.
1016 silly tarball no local data for d3-time-format@https://registry.npmjs.org/d3-time-format/-/d3-time-format-4.1.0.tgz. Extracting by manifest.
1017 silly tarball no local data for d3-time@https://registry.npmjs.org/d3-time/-/d3-time-3.1.0.tgz. Extracting by manifest.
1018 silly tarball no local data for d3-path@https://registry.npmjs.org/d3-path/-/d3-path-3.1.0.tgz. Extracting by manifest.
1019 silly tarball no local data for d3-scale@https://registry.npmjs.org/d3-scale/-/d3-scale-4.0.2.tgz. Extracting by manifest.
1020 silly tarball no local data for d3-interpolate@https://registry.npmjs.org/d3-interpolate/-/d3-interpolate-3.0.1.tgz. Extracting by manifest.
1021 silly tarball no local data for d3-format@https://registry.npmjs.org/d3-format/-/d3-format-3.1.2.tgz. Extracting by manifest.
1022 silly tarball no local data for d3-array@https://registry.npmjs.org/d3-array/-/d3-array-3.2.4.tgz. Extracting by manifest.
1023 silly tarball no local data for d3-color@https://registry.npmjs.org/d3-color/-/d3-color-3.1.0.tgz. Extracting by manifest.
1024 silly tarball no local data for css-to-react-native@https://registry.npmjs.org/css-to-react-native/-/css-to-react-native-3.2.0.tgz. Extracting by manifest.
1025 silly tarball no local data for csstype@https://registry.npmjs.org/csstype/-/csstype-3.2.3.tgz. Extracting by manifest.
1026 silly tarball no local data for d3-ease@https://registry.npmjs.org/d3-ease/-/d3-ease-3.0.1.tgz. Extracting by manifest.
1027 silly tarball no local data for css-gradient-parser@https://registry.npmjs.org/css-gradient-parser/-/css-gradient-parser-0.0.16.tgz. Extracting by manifest.
1028 silly tarball no local data for css-color-keywords@https://registry.npmjs.org/css-color-keywords/-/css-color-keywords-1.0.0.tgz. Extracting by manifest.
1029 silly tarball no local data for css-box-shadow@https://registry.npmjs.org/css-box-shadow/-/css-box-shadow-1.0.0-3.tgz. Extracting by manifest.
1030 silly tarball no local data for css-background-parser@https://registry.npmjs.org/css-background-parser/-/css-background-parser-0.1.0.tgz. Extracting by manifest.
1031 silly tarball no local data for convert-source-map@https://registry.npmjs.org/convert-source-map/-/convert-source-map-2.0.0.tgz. Extracting by manifest.
1032 silly tarball no local data for cookie@https://registry.npmjs.org/cookie/-/cookie-1.1.1.tgz. Extracting by manifest.
1033 silly tarball no local data for cross-spawn@https://registry.npmjs.org/cross-spawn/-/cross-spawn-7.0.6.tgz. Extracting by manifest.
1034 silly tarball no local data for commander@https://registry.npmjs.org/commander/-/commander-2.20.3.tgz. Extracting by manifest.
1035 silly tarball no local data for color-convert@https://registry.npmjs.org/color-convert/-/color-convert-2.0.1.tgz. Extracting by manifest.
1036 silly tarball no local data for concat-map@https://registry.npmjs.org/concat-map/-/concat-map-0.0.1.tgz. Extracting by manifest.
1037 silly tarball no local data for cmdk@https://registry.npmjs.org/cmdk/-/cmdk-1.1.1.tgz. Extracting by manifest.
1038 silly tarball no local data for clsx@https://registry.npmjs.org/clsx/-/clsx-2.1.1.tgz. Extracting by manifest.
1039 silly tarball no local data for chrome-trace-event@https://registry.npmjs.org/chrome-trace-event/-/chrome-trace-event-1.0.4.tgz. Extracting by manifest.
1040 silly tarball no local data for color-name@https://registry.npmjs.org/color-name/-/color-name-1.1.4.tgz. Extracting by manifest.
1041 silly tarball no local data for client-only@https://registry.npmjs.org/client-only/-/client-only-0.0.1.tgz. Extracting by manifest.
1042 silly tarball no local data for caniuse-lite@https://registry.npmjs.org/caniuse-lite/-/caniuse-lite-1.0.30001793.tgz. Extracting by manifest.
1043 silly tarball no local data for class-variance-authority@https://registry.npmjs.org/class-variance-authority/-/class-variance-authority-0.7.1.tgz. Extracting by manifest.
1044 silly tarball no local data for callsites@https://registry.npmjs.org/callsites/-/callsites-3.1.0.tgz. Extracting by manifest.
1045 silly tarball no local data for camelize@https://registry.npmjs.org/camelize/-/camelize-1.0.1.tgz. Extracting by manifest.
1046 silly tarball no local data for chalk@https://registry.npmjs.org/chalk/-/chalk-4.1.2.tgz. Extracting by manifest.
1047 silly tarball no local data for call-bound@https://registry.npmjs.org/call-bound/-/call-bound-1.0.4.tgz. Extracting by manifest.
1048 silly tarball no local data for call-bind-apply-helpers@https://registry.npmjs.org/call-bind-apply-helpers/-/call-bind-apply-helpers-1.0.2.tgz. Extracting by manifest.
1049 silly tarball no local data for call-bind@https://registry.npmjs.org/call-bind/-/call-bind-1.0.9.tgz. Extracting by manifest.
1050 silly tarball no local data for buffer-from@https://registry.npmjs.org/buffer-from/-/buffer-from-1.1.2.tgz. Extracting by manifest.
1051 silly tarball no local data for browserslist@https://registry.npmjs.org/browserslist/-/browserslist-4.28.2.tgz. Extracting by manifest.
1052 silly tarball no local data for braces@https://registry.npmjs.org/braces/-/braces-3.0.3.tgz. Extracting by manifest.
1053 silly tarball no local data for brace-expansion@https://registry.npmjs.org/brace-expansion/-/brace-expansion-1.1.14.tgz. Extracting by manifest.
1054 silly tarball no local data for blake3-wasm@https://registry.npmjs.org/blake3-wasm/-/blake3-wasm-2.1.5.tgz. Extracting by manifest.
1055 silly tarball no local data for baseline-browser-mapping@https://registry.npmjs.org/baseline-browser-mapping/-/baseline-browser-mapping-2.10.30.tgz. Extracting by manifest.
1056 silly tarball no local data for base64-js@https://registry.npmjs.org/base64-js/-/base64-js-0.0.8.tgz. Extracting by manifest.
1057 silly tarball no local data for balanced-match@https://registry.npmjs.org/balanced-match/-/balanced-match-1.0.2.tgz. Extracting by manifest.
1058 silly tarball no local data for axobject-query@https://registry.npmjs.org/axobject-query/-/axobject-query-4.1.0.tgz. Extracting by manifest.
1059 silly tarball no local data for available-typed-arrays@https://registry.npmjs.org/available-typed-arrays/-/available-typed-arrays-1.0.7.tgz. Extracting by manifest.
1060 silly tarball no local data for axe-core@https://registry.npmjs.org/axe-core/-/axe-core-4.11.4.tgz. Extracting by manifest.
1061 silly tarball no local data for async-function@https://registry.npmjs.org/async-function/-/async-function-1.0.0.tgz. Extracting by manifest.
1062 silly tarball no local data for ast-types-flow@https://registry.npmjs.org/ast-types-flow/-/ast-types-flow-0.0.8.tgz. Extracting by manifest.
1063 silly tarball no local data for arraybuffer.prototype.slice@https://registry.npmjs.org/arraybuffer.prototype.slice/-/arraybuffer.prototype.slice-1.0.4.tgz. Extracting by manifest.
1064 silly tarball no local data for array.prototype.tosorted@https://registry.npmjs.org/array.prototype.tosorted/-/array.prototype.tosorted-1.1.4.tgz. Extracting by manifest.
1065 silly tarball no local data for array.prototype.flatmap@https://registry.npmjs.org/array.prototype.flatmap/-/array.prototype.flatmap-1.3.3.tgz. Extracting by manifest.
1066 silly tarball no local data for array.prototype.flat@https://registry.npmjs.org/array.prototype.flat/-/array.prototype.flat-1.3.3.tgz. Extracting by manifest.
1067 silly tarball no local data for array.prototype.findlastindex@https://registry.npmjs.org/array.prototype.findlastindex/-/array.prototype.findlastindex-1.2.6.tgz. Extracting by manifest.
1068 silly tarball no local data for array.prototype.findlast@https://registry.npmjs.org/array.prototype.findlast/-/array.prototype.findlast-1.2.5.tgz. Extracting by manifest.
1069 silly tarball no local data for array-includes@https://registry.npmjs.org/array-includes/-/array-includes-3.1.9.tgz. Extracting by manifest.
1070 silly tarball no local data for array-buffer-byte-length@https://registry.npmjs.org/array-buffer-byte-length/-/array-buffer-byte-length-1.0.2.tgz. Extracting by manifest.
1071 silly tarball no local data for aria-query@https://registry.npmjs.org/aria-query/-/aria-query-5.3.2.tgz. Extracting by manifest.
1072 silly tarball no local data for argparse@https://registry.npmjs.org/argparse/-/argparse-2.0.1.tgz. Extracting by manifest.
1073 silly tarball no local data for aria-hidden@https://registry.npmjs.org/aria-hidden/-/aria-hidden-1.2.6.tgz. Extracting by manifest.
1074 silly tarball no local data for ajv@https://registry.npmjs.org/ajv/-/ajv-8.20.0.tgz. Extracting by manifest.
1075 silly tarball no local data for ajv-formats@https://registry.npmjs.org/ajv-formats/-/ajv-formats-2.1.1.tgz. Extracting by manifest.
1076 silly tarball no local data for ansi-styles@https://registry.npmjs.org/ansi-styles/-/ansi-styles-4.3.0.tgz. Extracting by manifest.
1077 silly tarball no local data for @xtuc/long@https://registry.npmjs.org/@xtuc/long/-/long-4.2.2.tgz. Extracting by manifest.
1078 silly tarball no local data for acorn-loose@https://registry.npmjs.org/acorn-loose/-/acorn-loose-8.5.2.tgz. Extracting by manifest.
1079 silly tarball no local data for acorn-jsx@https://registry.npmjs.org/acorn-jsx/-/acorn-jsx-5.3.2.tgz. Extracting by manifest.
1080 silly tarball no local data for acorn@https://registry.npmjs.org/acorn/-/acorn-8.16.0.tgz. Extracting by manifest.
1081 silly tarball no local data for @xtuc/ieee754@https://registry.npmjs.org/@xtuc/ieee754/-/ieee754-1.2.0.tgz. Extracting by manifest.
1082 silly tarball no local data for acorn-import-phases@https://registry.npmjs.org/acorn-import-phases/-/acorn-import-phases-1.0.4.tgz. Extracting by manifest.
1083 silly tarball no local data for @webassemblyjs/wast-printer@https://registry.npmjs.org/@webassemblyjs/wast-printer/-/wast-printer-1.14.1.tgz. Extracting by manifest.
1084 silly tarball no local data for @webassemblyjs/wasm-parser@https://registry.npmjs.org/@webassemblyjs/wasm-parser/-/wasm-parser-1.14.1.tgz. Extracting by manifest.
1085 silly tarball no local data for @webassemblyjs/wasm-gen@https://registry.npmjs.org/@webassemblyjs/wasm-gen/-/wasm-gen-1.14.1.tgz. Extracting by manifest.
1086 silly tarball no local data for @webassemblyjs/wasm-opt@https://registry.npmjs.org/@webassemblyjs/wasm-opt/-/wasm-opt-1.14.1.tgz. Extracting by manifest.
1087 silly tarball no local data for @webassemblyjs/wasm-edit@https://registry.npmjs.org/@webassemblyjs/wasm-edit/-/wasm-edit-1.14.1.tgz. Extracting by manifest.
1088 silly tarball no local data for @webassemblyjs/leb128@https://registry.npmjs.org/@webassemblyjs/leb128/-/leb128-1.13.2.tgz. Extracting by manifest.
1089 silly tarball no local data for @webassemblyjs/ieee754@https://registry.npmjs.org/@webassemblyjs/ieee754/-/ieee754-1.13.2.tgz. Extracting by manifest.
1090 silly tarball no local data for @webassemblyjs/utf8@https://registry.npmjs.org/@webassemblyjs/utf8/-/utf8-1.13.2.tgz. Extracting by manifest.
1091 silly tarball no local data for @webassemblyjs/helper-wasm-section@https://registry.npmjs.org/@webassemblyjs/helper-wasm-section/-/helper-wasm-section-1.14.1.tgz. Extracting by manifest.
1092 silly tarball no local data for @webassemblyjs/helper-wasm-bytecode@https://registry.npmjs.org/@webassemblyjs/helper-wasm-bytecode/-/helper-wasm-bytecode-1.13.2.tgz. Extracting by manifest.
1093 silly tarball no local data for @webassemblyjs/helper-buffer@https://registry.npmjs.org/@webassemblyjs/helper-buffer/-/helper-buffer-1.14.1.tgz. Extracting by manifest.
1094 silly tarball no local data for @webassemblyjs/helper-numbers@https://registry.npmjs.org/@webassemblyjs/helper-numbers/-/helper-numbers-1.13.2.tgz. Extracting by manifest.
1095 silly tarball no local data for @vitejs/plugin-react@https://registry.npmjs.org/@vitejs/plugin-react/-/plugin-react-6.0.2.tgz. Extracting by manifest.
1096 silly tarball no local data for @webassemblyjs/floating-point-hex-parser@https://registry.npmjs.org/@webassemblyjs/floating-point-hex-parser/-/floating-point-hex-parser-1.13.2.tgz. Extracting by manifest.
1097 silly tarball no local data for @webassemblyjs/ast@https://registry.npmjs.org/@webassemblyjs/ast/-/ast-1.14.1.tgz. Extracting by manifest.
1098 silly tarball no local data for @webassemblyjs/helper-api-error@https://registry.npmjs.org/@webassemblyjs/helper-api-error/-/helper-api-error-1.13.2.tgz. Extracting by manifest.
1099 silly tarball no local data for @vitejs/plugin-rsc@https://registry.npmjs.org/@vitejs/plugin-rsc/-/plugin-rsc-0.5.26.tgz. Extracting by manifest.
1100 silly tarball no local data for @vercel/og@https://registry.npmjs.org/@vercel/og/-/og-0.8.6.tgz. Extracting by manifest.
1101 silly tarball no local data for @vinext/types@https://registry.npmjs.org/@vinext/types/-/types-1.0.0-beta.2.tgz. Extracting by manifest.
1102 silly tarball no local data for @unrs/resolver-binding-win32-x64-msvc@https://registry.npmjs.org/@unrs/resolver-binding-win32-x64-msvc/-/resolver-binding-win32-x64-msvc-1.11.1.tgz. Extracting by manifest.
1103 silly tarball no local data for @unpic/react@https://registry.npmjs.org/@unpic/react/-/react-1.0.2.tgz. Extracting by manifest.
1104 silly tarball no local data for @unpic/core@https://registry.npmjs.org/@unpic/core/-/core-1.0.3.tgz. Extracting by manifest.
1105 silly tarball no local data for @typescript-eslint/visitor-keys@https://registry.npmjs.org/@typescript-eslint/visitor-keys/-/visitor-keys-8.59.3.tgz. Extracting by manifest.
1106 silly tarball no local data for @typescript-eslint/utils@https://registry.npmjs.org/@typescript-eslint/utils/-/utils-8.59.3.tgz. Extracting by manifest.
1107 silly tarball no local data for @typescript-eslint/types@https://registry.npmjs.org/@typescript-eslint/types/-/types-8.59.3.tgz. Extracting by manifest.
1108 silly tarball no local data for @typescript-eslint/typescript-estree@https://registry.npmjs.org/@typescript-eslint/typescript-estree/-/typescript-estree-8.59.3.tgz. Extracting by manifest.
1109 silly tarball no local data for @typescript-eslint/type-utils@https://registry.npmjs.org/@typescript-eslint/type-utils/-/type-utils-8.59.3.tgz. Extracting by manifest.
1110 silly tarball no local data for @typescript-eslint/tsconfig-utils@https://registry.npmjs.org/@typescript-eslint/tsconfig-utils/-/tsconfig-utils-8.59.3.tgz. Extracting by manifest.
1111 silly tarball no local data for @typescript-eslint/project-service@https://registry.npmjs.org/@typescript-eslint/project-service/-/project-service-8.59.3.tgz. Extracting by manifest.
1112 silly tarball no local data for @typescript-eslint/parser@https://registry.npmjs.org/@typescript-eslint/parser/-/parser-8.59.3.tgz. Extracting by manifest.
1113 silly tarball no local data for @typescript-eslint/scope-manager@https://registry.npmjs.org/@typescript-eslint/scope-manager/-/scope-manager-8.59.3.tgz. Extracting by manifest.
1114 silly tarball no local data for @types/react-dom@https://registry.npmjs.org/@types/react-dom/-/react-dom-19.2.3.tgz. Extracting by manifest.
1115 silly tarball no local data for @typescript-eslint/eslint-plugin@https://registry.npmjs.org/@typescript-eslint/eslint-plugin/-/eslint-plugin-8.59.3.tgz. Extracting by manifest.
1116 silly tarball no local data for @types/react@https://registry.npmjs.org/@types/react/-/react-19.2.14.tgz. Extracting by manifest.
1117 silly tarball no local data for @types/use-sync-external-store@https://registry.npmjs.org/@types/use-sync-external-store/-/use-sync-external-store-0.0.6.tgz. Extracting by manifest.
1118 silly tarball no local data for @types/node@https://registry.npmjs.org/@types/node/-/node-22.19.19.tgz. Extracting by manifest.
1119 silly tarball no local data for @types/eslint-scope@https://registry.npmjs.org/@types/eslint-scope/-/eslint-scope-3.7.7.tgz. Extracting by manifest.
1120 silly tarball no local data for @types/json-schema@https://registry.npmjs.org/@types/json-schema/-/json-schema-7.0.15.tgz. Extracting by manifest.
1121 silly tarball no local data for @types/json5@https://registry.npmjs.org/@types/json5/-/json5-0.0.29.tgz. Extracting by manifest.
1122 silly tarball no local data for @types/eslint@https://registry.npmjs.org/@types/eslint/-/eslint-9.6.1.tgz. Extracting by manifest.
1123 silly tarball no local data for @types/estree@https://registry.npmjs.org/@types/estree/-/estree-1.0.9.tgz. Extracting by manifest.
1124 silly tarball no local data for @types/d3-timer@https://registry.npmjs.org/@types/d3-timer/-/d3-timer-3.0.2.tgz. Extracting by manifest.
1125 silly tarball no local data for @types/d3-time@https://registry.npmjs.org/@types/d3-time/-/d3-time-3.0.4.tgz. Extracting by manifest.
1126 silly tarball no local data for @types/d3-shape@https://registry.npmjs.org/@types/d3-shape/-/d3-shape-3.1.8.tgz. Extracting by manifest.
1127 silly tarball no local data for @types/d3-scale@https://registry.npmjs.org/@types/d3-scale/-/d3-scale-4.0.9.tgz. Extracting by manifest.
1128 silly tarball no local data for @types/d3-path@https://registry.npmjs.org/@types/d3-path/-/d3-path-3.1.1.tgz. Extracting by manifest.
1129 silly tarball no local data for @types/d3-interpolate@https://registry.npmjs.org/@types/d3-interpolate/-/d3-interpolate-3.0.4.tgz. Extracting by manifest.
1130 silly tarball no local data for @types/d3-ease@https://registry.npmjs.org/@types/d3-ease/-/d3-ease-3.0.2.tgz. Extracting by manifest.
1131 silly tarball no local data for @tailwindcss/postcss@https://registry.npmjs.org/@tailwindcss/postcss/-/postcss-4.2.1.tgz. Extracting by manifest.
1132 silly tarball no local data for @types/d3-color@https://registry.npmjs.org/@types/d3-color/-/d3-color-3.1.3.tgz. Extracting by manifest.
1133 silly tarball no local data for @types/d3-array@https://registry.npmjs.org/@types/d3-array/-/d3-array-3.2.2.tgz. Extracting by manifest.
1134 silly tarball no local data for @tailwindcss/oxide@https://registry.npmjs.org/@tailwindcss/oxide/-/oxide-4.2.1.tgz. Extracting by manifest.
1135 silly tarball no local data for @swc/helpers@https://registry.npmjs.org/@swc/helpers/-/helpers-0.5.15.tgz. Extracting by manifest.
1136 silly tarball no local data for @standard-schema/utils@https://registry.npmjs.org/@standard-schema/utils/-/utils-0.3.0.tgz. Extracting by manifest.
1137 silly tarball no local data for @tailwindcss/oxide-win32-x64-msvc@https://registry.npmjs.org/@tailwindcss/oxide-win32-x64-msvc/-/oxide-win32-x64-msvc-4.2.1.tgz. Extracting by manifest.
1138 silly tarball no local data for @tailwindcss/node@https://registry.npmjs.org/@tailwindcss/node/-/node-4.2.1.tgz. Extracting by manifest.
1139 silly tarball no local data for @standard-schema/spec@https://registry.npmjs.org/@standard-schema/spec/-/spec-1.1.0.tgz. Extracting by manifest.
1140 silly tarball no local data for @sindresorhus/is@https://registry.npmjs.org/@sindresorhus/is/-/is-7.2.0.tgz. Extracting by manifest.
1141 silly tarball no local data for @speed-highlight/core@https://registry.npmjs.org/@speed-highlight/core/-/core-1.2.15.tgz. Extracting by manifest.
1142 silly tarball no local data for @shuding/opentype.js@https://registry.npmjs.org/@shuding/opentype.js/-/opentype.js-1.4.0-beta.0.tgz. Extracting by manifest.
1143 silly tarball no local data for @shadcn/react@https://registry.npmjs.org/@shadcn/react/-/react-0.3.0.tgz. Extracting by manifest.
1144 silly tarball no local data for @rtsao/scc@https://registry.npmjs.org/@rtsao/scc/-/scc-1.1.0.tgz. Extracting by manifest.
1145 silly tarball no local data for @rolldown/pluginutils@https://registry.npmjs.org/@rolldown/pluginutils/-/pluginutils-1.0.1.tgz. Extracting by manifest.
1146 silly tarball no local data for @resvg/resvg-wasm@https://registry.npmjs.org/@resvg/resvg-wasm/-/resvg-wasm-2.4.0.tgz. Extracting by manifest.
1147 silly tarball no local data for @rolldown/binding-win32-x64-msvc@https://registry.npmjs.org/@rolldown/binding-win32-x64-msvc/-/binding-win32-x64-msvc-1.0.1.tgz. Extracting by manifest.
1148 silly tarball no local data for @reduxjs/toolkit@https://registry.npmjs.org/@reduxjs/toolkit/-/toolkit-2.12.0.tgz. Extracting by manifest.
1149 silly tarball no local data for @radix-ui/rect@https://registry.npmjs.org/@radix-ui/rect/-/rect-1.1.3.tgz. Extracting by manifest.
1150 silly tarball no local data for @radix-ui/react-visually-hidden@https://registry.npmjs.org/@radix-ui/react-visually-hidden/-/react-visually-hidden-1.2.11.tgz. Extracting by manifest.
1151 silly tarball no local data for @radix-ui/react-use-rect@https://registry.npmjs.org/@radix-ui/react-use-rect/-/react-use-rect-1.1.4.tgz. Extracting by manifest.
1152 silly tarball no local data for @radix-ui/react-use-size@https://registry.npmjs.org/@radix-ui/react-use-size/-/react-use-size-1.1.4.tgz. Extracting by manifest.
1153 silly tarball no local data for @radix-ui/react-use-previous@https://registry.npmjs.org/@radix-ui/react-use-previous/-/react-use-previous-1.1.4.tgz. Extracting by manifest.
1154 silly tarball no local data for @radix-ui/react-use-is-hydrated@https://registry.npmjs.org/@radix-ui/react-use-is-hydrated/-/react-use-is-hydrated-0.1.3.tgz. Extracting by manifest.
1155 silly tarball no local data for @radix-ui/react-use-layout-effect@https://registry.npmjs.org/@radix-ui/react-use-layout-effect/-/react-use-layout-effect-1.1.4.tgz. Extracting by manifest.
1156 silly tarball no local data for @radix-ui/react-use-effect-event@https://registry.npmjs.org/@radix-ui/react-use-effect-event/-/react-use-effect-event-0.0.5.tgz. Extracting by manifest.
1157 silly tarball no local data for @radix-ui/react-use-escape-keydown@https://registry.npmjs.org/@radix-ui/react-use-escape-keydown/-/react-use-escape-keydown-1.1.5.tgz. Extracting by manifest.
1158 silly tarball no local data for @radix-ui/react-use-controllable-state@https://registry.npmjs.org/@radix-ui/react-use-controllable-state/-/react-use-controllable-state-1.2.6.tgz. Extracting by manifest.
1159 silly tarball no local data for @radix-ui/react-use-callback-ref@https://registry.npmjs.org/@radix-ui/react-use-callback-ref/-/react-use-callback-ref-1.1.4.tgz. Extracting by manifest.
1160 silly tarball no local data for @radix-ui/react-tooltip@https://registry.npmjs.org/@radix-ui/react-tooltip/-/react-tooltip-1.2.16.tgz. Extracting by manifest.
1161 silly tarball no local data for @radix-ui/react-toolbar@https://registry.npmjs.org/@radix-ui/react-toolbar/-/react-toolbar-1.1.19.tgz. Extracting by manifest.
1162 silly tarball no local data for @radix-ui/react-toggle-group@https://registry.npmjs.org/@radix-ui/react-toggle-group/-/react-toggle-group-1.1.19.tgz. Extracting by manifest.
1163 silly tarball no local data for @radix-ui/react-toggle@https://registry.npmjs.org/@radix-ui/react-toggle/-/react-toggle-1.1.18.tgz. Extracting by manifest.
1164 silly tarball no local data for @radix-ui/react-toast@https://registry.npmjs.org/@radix-ui/react-toast/-/react-toast-1.2.23.tgz. Extracting by manifest.
1165 silly tarball no local data for @radix-ui/react-tabs@https://registry.npmjs.org/@radix-ui/react-tabs/-/react-tabs-1.1.21.tgz. Extracting by manifest.
1166 silly tarball no local data for @radix-ui/react-switch@https://registry.npmjs.org/@radix-ui/react-switch/-/react-switch-1.3.7.tgz. Extracting by manifest.
1167 silly tarball no local data for @radix-ui/react-separator@https://registry.npmjs.org/@radix-ui/react-separator/-/react-separator-1.1.15.tgz. Extracting by manifest.
1168 silly tarball no local data for @radix-ui/react-slider@https://registry.npmjs.org/@radix-ui/react-slider/-/react-slider-1.4.7.tgz. Extracting by manifest.
1169 silly tarball no local data for @radix-ui/react-select@https://registry.npmjs.org/@radix-ui/react-select/-/react-select-2.3.7.tgz. Extracting by manifest.
1170 silly tarball no local data for @radix-ui/react-scroll-area@https://registry.npmjs.org/@radix-ui/react-scroll-area/-/react-scroll-area-1.2.18.tgz. Extracting by manifest.
1171 silly tarball no local data for @radix-ui/react-radio-group@https://registry.npmjs.org/@radix-ui/react-radio-group/-/react-radio-group-1.4.7.tgz. Extracting by manifest.
1172 silly tarball no local data for @radix-ui/react-progress@https://registry.npmjs.org/@radix-ui/react-progress/-/react-progress-1.1.16.tgz. Extracting by manifest.
1173 silly tarball no local data for @radix-ui/react-roving-focus@https://registry.npmjs.org/@radix-ui/react-roving-focus/-/react-roving-focus-1.1.19.tgz. Extracting by manifest.
1174 silly tarball no local data for @radix-ui/react-primitive@https://registry.npmjs.org/@radix-ui/react-primitive/-/react-primitive-2.1.10.tgz. Extracting by manifest.
1175 silly tarball no local data for @radix-ui/react-presence@https://registry.npmjs.org/@radix-ui/react-presence/-/react-presence-1.1.10.tgz. Extracting by manifest.
1176 silly tarball no local data for @radix-ui/react-portal@https://registry.npmjs.org/@radix-ui/react-portal/-/react-portal-1.1.17.tgz. Extracting by manifest.
1177 silly tarball no local data for @radix-ui/react-popover@https://registry.npmjs.org/@radix-ui/react-popover/-/react-popover-1.1.23.tgz. Extracting by manifest.
1178 silly tarball no local data for @radix-ui/react-popper@https://registry.npmjs.org/@radix-ui/react-popper/-/react-popper-1.3.7.tgz. Extracting by manifest.
1179 silly tarball no local data for @radix-ui/react-one-time-password-field@https://registry.npmjs.org/@radix-ui/react-one-time-password-field/-/react-one-time-password-field-0.1.16.tgz. Extracting by manifest.
1180 silly tarball no local data for @radix-ui/react-password-toggle-field@https://registry.npmjs.org/@radix-ui/react-password-toggle-field/-/react-password-toggle-field-0.1.11.tgz. Extracting by manifest.
1181 silly tarball no local data for @radix-ui/react-navigation-menu@https://registry.npmjs.org/@radix-ui/react-navigation-menu/-/react-navigation-menu-1.2.22.tgz. Extracting by manifest.
1182 silly tarball no local data for @radix-ui/react-menu@https://registry.npmjs.org/@radix-ui/react-menu/-/react-menu-2.1.24.tgz. Extracting by manifest.
1183 silly tarball no local data for @radix-ui/react-label@https://registry.npmjs.org/@radix-ui/react-label/-/react-label-2.1.15.tgz. Extracting by manifest.
1184 silly tarball no local data for @radix-ui/react-id@https://registry.npmjs.org/@radix-ui/react-id/-/react-id-1.1.4.tgz. Extracting by manifest.
1185 silly tarball no local data for @radix-ui/react-hover-card@https://registry.npmjs.org/@radix-ui/react-hover-card/-/react-hover-card-1.1.23.tgz. Extracting by manifest.
1186 silly tarball no local data for @radix-ui/react-form@https://registry.npmjs.org/@radix-ui/react-form/-/react-form-0.1.16.tgz. Extracting by manifest.
1187 silly tarball no local data for @radix-ui/react-focus-scope@https://registry.npmjs.org/@radix-ui/react-focus-scope/-/react-focus-scope-1.1.16.tgz. Extracting by manifest.
1188 silly tarball no local data for @radix-ui/react-focus-guards@https://registry.npmjs.org/@radix-ui/react-focus-guards/-/react-focus-guards-1.1.6.tgz. Extracting by manifest.
1189 silly tarball no local data for @radix-ui/react-menubar@https://registry.npmjs.org/@radix-ui/react-menubar/-/react-menubar-1.1.24.tgz. Extracting by manifest.
1190 silly tarball no local data for @radix-ui/react-dropdown-menu@https://registry.npmjs.org/@radix-ui/react-dropdown-menu/-/react-dropdown-menu-2.1.24.tgz. Extracting by manifest.
1191 silly tarball no local data for @radix-ui/react-direction@https://registry.npmjs.org/@radix-ui/react-direction/-/react-direction-1.1.4.tgz. Extracting by manifest.
1192 silly tarball no local data for @radix-ui/react-dismissable-layer@https://registry.npmjs.org/@radix-ui/react-dismissable-layer/-/react-dismissable-layer-1.1.19.tgz. Extracting by manifest.
1193 silly tarball no local data for @radix-ui/react-dialog@https://registry.npmjs.org/@radix-ui/react-dialog/-/react-dialog-1.1.23.tgz. Extracting by manifest.
1194 silly tarball no local data for @radix-ui/react-context-menu@https://registry.npmjs.org/@radix-ui/react-context-menu/-/react-context-menu-2.3.7.tgz. Extracting by manifest.
1195 silly tarball no local data for @radix-ui/react-compose-refs@https://registry.npmjs.org/@radix-ui/react-compose-refs/-/react-compose-refs-1.1.2.tgz. Extracting by manifest.
1196 silly tarball no local data for @radix-ui/react-context@https://registry.npmjs.org/@radix-ui/react-context/-/react-context-1.2.2.tgz. Extracting by manifest.
1197 silly tarball no local data for @radix-ui/react-avatar@https://registry.npmjs.org/@radix-ui/react-avatar/-/react-avatar-1.2.6.tgz. Extracting by manifest.
1198 silly tarball no local data for @radix-ui/react-collection@https://registry.npmjs.org/@radix-ui/react-collection/-/react-collection-1.1.15.tgz. Extracting by manifest.
1199 silly tarball no local data for @radix-ui/react-collapsible@https://registry.npmjs.org/@radix-ui/react-collapsible/-/react-collapsible-1.1.20.tgz. Extracting by manifest.
1200 silly tarball no local data for @radix-ui/react-checkbox@https://registry.npmjs.org/@radix-ui/react-checkbox/-/react-checkbox-1.3.11.tgz. Extracting by manifest.
1201 silly tarball no local data for @radix-ui/react-aspect-ratio@https://registry.npmjs.org/@radix-ui/react-aspect-ratio/-/react-aspect-ratio-1.1.15.tgz. Extracting by manifest.
1202 silly tarball no local data for @radix-ui/react-accessible-icon@https://registry.npmjs.org/@radix-ui/react-accessible-icon/-/react-accessible-icon-1.1.15.tgz. Extracting by manifest.
1203 silly tarball no local data for @radix-ui/react-arrow@https://registry.npmjs.org/@radix-ui/react-arrow/-/react-arrow-1.1.15.tgz. Extracting by manifest.
1204 silly tarball no local data for @radix-ui/react-alert-dialog@https://registry.npmjs.org/@radix-ui/react-alert-dialog/-/react-alert-dialog-1.1.23.tgz. Extracting by manifest.
1205 silly tarball no local data for @poppinss/exception@https://registry.npmjs.org/@poppinss/exception/-/exception-1.2.3.tgz. Extracting by manifest.
1206 silly tarball no local data for @radix-ui/react-accordion@https://registry.npmjs.org/@radix-ui/react-accordion/-/react-accordion-1.2.20.tgz. Extracting by manifest.
1207 silly tarball no local data for @radix-ui/primitive@https://registry.npmjs.org/@radix-ui/primitive/-/primitive-1.1.7.tgz. Extracting by manifest.
1208 silly tarball no local data for @radix-ui/number@https://registry.npmjs.org/@radix-ui/number/-/number-1.1.3.tgz. Extracting by manifest.
1209 silly tarball no local data for @poppinss/dumper@https://registry.npmjs.org/@poppinss/dumper/-/dumper-0.6.5.tgz. Extracting by manifest.
1210 silly tarball no local data for @poppinss/colors@https://registry.npmjs.org/@poppinss/colors/-/colors-4.1.6.tgz. Extracting by manifest.
1211 silly tarball no local data for @oxc-project/types@https://registry.npmjs.org/@oxc-project/types/-/types-0.130.0.tgz. Extracting by manifest.
1212 silly tarball no local data for @nolyfill/is-core-module@https://registry.npmjs.org/@nolyfill/is-core-module/-/is-core-module-1.0.39.tgz. Extracting by manifest.
1213 silly tarball no local data for @nodelib/fs.stat@https://registry.npmjs.org/@nodelib/fs.stat/-/fs.stat-2.0.5.tgz. Extracting by manifest.
1214 silly tarball no local data for @nodelib/fs.walk@https://registry.npmjs.org/@nodelib/fs.walk/-/fs.walk-1.2.8.tgz. Extracting by manifest.
1215 silly tarball no local data for @nodelib/fs.scandir@https://registry.npmjs.org/@nodelib/fs.scandir/-/fs.scandir-2.1.5.tgz. Extracting by manifest.
1216 silly tarball no local data for @next/swc-win32-x64-msvc@https://registry.npmjs.org/@next/swc-win32-x64-msvc/-/swc-win32-x64-msvc-16.2.6.tgz. Extracting by manifest.
1217 silly tarball no local data for @next/eslint-plugin-next@https://registry.npmjs.org/@next/eslint-plugin-next/-/eslint-plugin-next-16.2.6.tgz. Extracting by manifest.
1218 silly tarball no local data for @next/env@https://registry.npmjs.org/@next/env/-/env-16.2.6.tgz. Extracting by manifest.
1219 silly tarball no local data for @jridgewell/trace-mapping@https://registry.npmjs.org/@jridgewell/trace-mapping/-/trace-mapping-0.3.31.tgz. Extracting by manifest.
1220 silly tarball no local data for @jridgewell/sourcemap-codec@https://registry.npmjs.org/@jridgewell/sourcemap-codec/-/sourcemap-codec-1.5.5.tgz. Extracting by manifest.
1221 silly tarball no local data for @jridgewell/resolve-uri@https://registry.npmjs.org/@jridgewell/resolve-uri/-/resolve-uri-3.1.2.tgz. Extracting by manifest.
1222 silly tarball no local data for @jridgewell/source-map@https://registry.npmjs.org/@jridgewell/source-map/-/source-map-0.3.11.tgz. Extracting by manifest.
1223 silly tarball no local data for @jridgewell/gen-mapping@https://registry.npmjs.org/@jridgewell/gen-mapping/-/gen-mapping-0.3.13.tgz. Extracting by manifest.
1224 silly tarball no local data for @jridgewell/remapping@https://registry.npmjs.org/@jridgewell/remapping/-/remapping-2.3.5.tgz. Extracting by manifest.
1225 silly tarball no local data for @img/colour@https://registry.npmjs.org/@img/colour/-/colour-1.1.0.tgz. Extracting by manifest.
1226 silly tarball no local data for @img/sharp-win32-x64@https://registry.npmjs.org/@img/sharp-win32-x64/-/sharp-win32-x64-0.34.5.tgz. Extracting by manifest.
1227 silly tarball no local data for @humanwhocodes/retry@https://registry.npmjs.org/@humanwhocodes/retry/-/retry-0.4.3.tgz. Extracting by manifest.
1228 silly tarball no local data for @humanwhocodes/module-importer@https://registry.npmjs.org/@humanwhocodes/module-importer/-/module-importer-1.0.1.tgz. Extracting by manifest.
1229 silly tarball no local data for @humanfs/node@https://registry.npmjs.org/@humanfs/node/-/node-0.16.8.tgz. Extracting by manifest.
1230 silly tarball no local data for @humanfs/types@https://registry.npmjs.org/@humanfs/types/-/types-0.15.0.tgz. Extracting by manifest.
1231 silly tarball no local data for @hookform/resolvers@https://registry.npmjs.org/@hookform/resolvers/-/resolvers-5.7.1.tgz. Extracting by manifest.
1232 silly tarball no local data for @humanfs/core@https://registry.npmjs.org/@humanfs/core/-/core-0.19.2.tgz. Extracting by manifest.
1233 silly tarball no local data for @floating-ui/utils@https://registry.npmjs.org/@floating-ui/utils/-/utils-0.2.12.tgz. Extracting by manifest.
1234 silly tarball no local data for @floating-ui/react-dom@https://registry.npmjs.org/@floating-ui/react-dom/-/react-dom-2.1.9.tgz. Extracting by manifest.
1235 silly tarball no local data for @floating-ui/dom@https://registry.npmjs.org/@floating-ui/dom/-/dom-1.8.0.tgz. Extracting by manifest.
1236 silly tarball no local data for @floating-ui/core@https://registry.npmjs.org/@floating-ui/core/-/core-1.8.0.tgz. Extracting by manifest.
1237 silly tarball no local data for @eslint/plugin-kit@https://registry.npmjs.org/@eslint/plugin-kit/-/plugin-kit-0.4.1.tgz. Extracting by manifest.
1238 silly tarball no local data for @eslint/js@https://registry.npmjs.org/@eslint/js/-/js-9.39.4.tgz. Extracting by manifest.
1239 silly tarball no local data for @eslint/object-schema@https://registry.npmjs.org/@eslint/object-schema/-/object-schema-2.1.7.tgz. Extracting by manifest.
1240 silly tarball no local data for @eslint/eslintrc@https://registry.npmjs.org/@eslint/eslintrc/-/eslintrc-3.3.5.tgz. Extracting by manifest.
1241 silly tarball no local data for @eslint/core@https://registry.npmjs.org/@eslint/core/-/core-0.17.0.tgz. Extracting by manifest.
1242 silly tarball no local data for @eslint-community/regexpp@https://registry.npmjs.org/@eslint-community/regexpp/-/regexpp-4.12.2.tgz. Extracting by manifest.
1243 silly tarball no local data for @eslint/config-helpers@https://registry.npmjs.org/@eslint/config-helpers/-/config-helpers-0.4.2.tgz. Extracting by manifest.
1244 silly tarball no local data for @eslint/config-array@https://registry.npmjs.org/@eslint/config-array/-/config-array-0.21.2.tgz. Extracting by manifest.
1245 silly tarball no local data for @eslint-community/eslint-utils@https://registry.npmjs.org/@eslint-community/eslint-utils/-/eslint-utils-4.9.1.tgz. Extracting by manifest.
1246 silly tarball no local data for @esbuild/win32-x64@https://registry.npmjs.org/@esbuild/win32-x64/-/win32-x64-0.28.0.tgz. Extracting by manifest.
1247 silly tarball no local data for @esbuild-kit/core-utils@https://registry.npmjs.org/@esbuild-kit/core-utils/-/core-utils-3.3.2.tgz. Extracting by manifest.
1248 silly tarball no local data for @esbuild-kit/esm-loader@https://registry.npmjs.org/@esbuild-kit/esm-loader/-/esm-loader-2.6.5.tgz. Extracting by manifest.
1249 silly tarball no local data for @drizzle-team/brocli@https://registry.npmjs.org/@drizzle-team/brocli/-/brocli-0.10.2.tgz. Extracting by manifest.
1250 silly tarball no local data for @cspotcode/source-map-support@https://registry.npmjs.org/@cspotcode/source-map-support/-/source-map-support-0.8.1.tgz. Extracting by manifest.
1251 silly tarball no local data for @cloudflare/workers-types@https://registry.npmjs.org/@cloudflare/workers-types/-/workers-types-4.20260515.1.tgz. Extracting by manifest.
1252 silly tarball no local data for @cloudflare/workerd-windows-64@https://registry.npmjs.org/@cloudflare/workerd-windows-64/-/workerd-windows-64-1.20260515.1.tgz. Extracting by manifest.
1253 silly tarball no local data for @date-fns/tz@https://registry.npmjs.org/@date-fns/tz/-/tz-1.5.0.tgz. Extracting by manifest.
1254 silly tarball no local data for @base-ui/utils@https://registry.npmjs.org/@base-ui/utils/-/utils-0.3.2.tgz. Extracting by manifest.
1255 silly tarball no local data for @cloudflare/vite-plugin@https://registry.npmjs.org/@cloudflare/vite-plugin/-/vite-plugin-1.37.1.tgz. Extracting by manifest.
1256 silly tarball no local data for @cloudflare/kv-asset-handler@https://registry.npmjs.org/@cloudflare/kv-asset-handler/-/kv-asset-handler-0.5.0.tgz. Extracting by manifest.
1257 silly tarball no local data for @cloudflare/unenv-preset@https://registry.npmjs.org/@cloudflare/unenv-preset/-/unenv-preset-2.16.1.tgz. Extracting by manifest.
1258 silly tarball no local data for @babel/types@https://registry.npmjs.org/@babel/types/-/types-7.29.0.tgz. Extracting by manifest.
1259 silly tarball no local data for @babel/traverse@https://registry.npmjs.org/@babel/traverse/-/traverse-7.29.0.tgz. Extracting by manifest.
1260 silly tarball no local data for @babel/template@https://registry.npmjs.org/@babel/template/-/template-7.28.6.tgz. Extracting by manifest.
1261 silly tarball no local data for @base-ui/react@https://registry.npmjs.org/@base-ui/react/-/react-1.7.0.tgz. Extracting by manifest.
1262 silly tarball no local data for @babel/runtime@https://registry.npmjs.org/@babel/runtime/-/runtime-7.29.7.tgz. Extracting by manifest.
1263 silly tarball no local data for @babel/parser@https://registry.npmjs.org/@babel/parser/-/parser-7.29.3.tgz. Extracting by manifest.
1264 silly tarball no local data for @babel/helpers@https://registry.npmjs.org/@babel/helpers/-/helpers-7.29.2.tgz. Extracting by manifest.
1265 silly tarball no local data for @babel/helper-validator-identifier@https://registry.npmjs.org/@babel/helper-validator-identifier/-/helper-validator-identifier-7.28.5.tgz. Extracting by manifest.
1266 silly tarball no local data for @babel/helper-validator-option@https://registry.npmjs.org/@babel/helper-validator-option/-/helper-validator-option-7.27.1.tgz. Extracting by manifest.
1267 silly tarball no local data for @babel/helper-string-parser@https://registry.npmjs.org/@babel/helper-string-parser/-/helper-string-parser-7.27.1.tgz. Extracting by manifest.
1268 silly tarball no local data for @babel/helper-module-transforms@https://registry.npmjs.org/@babel/helper-module-transforms/-/helper-module-transforms-7.28.6.tgz. Extracting by manifest.
1269 silly tarball no local data for @babel/helper-globals@https://registry.npmjs.org/@babel/helper-globals/-/helper-globals-7.28.0.tgz. Extracting by manifest.
1270 silly tarball no local data for @babel/helper-module-imports@https://registry.npmjs.org/@babel/helper-module-imports/-/helper-module-imports-7.28.6.tgz. Extracting by manifest.
1271 silly tarball no local data for @babel/helper-compilation-targets@https://registry.npmjs.org/@babel/helper-compilation-targets/-/helper-compilation-targets-7.28.6.tgz. Extracting by manifest.
1272 silly tarball no local data for @babel/core@https://registry.npmjs.org/@babel/core/-/core-7.29.0.tgz. Extracting by manifest.
1273 silly tarball no local data for @babel/compat-data@https://registry.npmjs.org/@babel/compat-data/-/compat-data-7.29.3.tgz. Extracting by manifest.
1274 silly tarball no local data for @babel/generator@https://registry.npmjs.org/@babel/generator/-/generator-7.29.1.tgz. Extracting by manifest.
1275 silly tarball no local data for @babel/code-frame@https://registry.npmjs.org/@babel/code-frame/-/code-frame-7.29.0.tgz. Extracting by manifest.
1276 silly tarball no local data for @alloc/quick-lru@https://registry.npmjs.org/@alloc/quick-lru/-/quick-lru-5.2.0.tgz. Extracting by manifest.
1277 silly tarball no local data for @esbuild/win32-x64@https://registry.npmjs.org/@esbuild/win32-x64/-/win32-x64-0.27.3.tgz. Extracting by manifest.
1278 silly tarball no local data for esbuild@https://registry.npmjs.org/esbuild/-/esbuild-0.27.3.tgz. Extracting by manifest.
1279 silly tarball no local data for eslint-scope@https://registry.npmjs.org/eslint-scope/-/eslint-scope-5.1.1.tgz. Extracting by manifest.
1280 silly tarball no local data for glob-parent@https://registry.npmjs.org/glob-parent/-/glob-parent-5.1.2.tgz. Extracting by manifest.
1281 silly tarball no local data for estraverse@https://registry.npmjs.org/estraverse/-/estraverse-4.3.0.tgz. Extracting by manifest.
1282 silly tarball no local data for fast-glob@https://registry.npmjs.org/fast-glob/-/fast-glob-3.3.3.tgz. Extracting by manifest.
1283 silly tarball no local data for lightningcss-win32-x64-msvc@https://registry.npmjs.org/lightningcss-win32-x64-msvc/-/lightningcss-win32-x64-msvc-1.32.0.tgz. Extracting by manifest.
1284 silly tarball no local data for es-module-lexer@https://registry.npmjs.org/es-module-lexer/-/es-module-lexer-1.7.0.tgz. Extracting by manifest.
1285 silly tarball no local data for json5@https://registry.npmjs.org/json5/-/json5-1.0.2.tgz. Extracting by manifest.
1286 silly tarball no local data for fdir@https://registry.npmjs.org/fdir/-/fdir-6.5.0.tgz. Extracting by manifest.
1287 silly tarball no local data for picomatch@https://registry.npmjs.org/picomatch/-/picomatch-4.0.4.tgz. Extracting by manifest.
1288 silly tarball no local data for lightningcss@https://registry.npmjs.org/lightningcss/-/lightningcss-1.32.0.tgz. Extracting by manifest.
1289 silly tarball no local data for picomatch@https://registry.npmjs.org/picomatch/-/picomatch-4.0.4.tgz. Extracting by manifest.
1290 silly tarball no local data for ajv-keywords@https://registry.npmjs.org/ajv-keywords/-/ajv-keywords-5.1.0.tgz. Extracting by manifest.
1291 silly tarball no local data for js-tokens@https://registry.npmjs.org/js-tokens/-/js-tokens-9.0.1.tgz. Extracting by manifest.
1292 silly tarball no local data for semver@https://registry.npmjs.org/semver/-/semver-7.8.0.tgz. Extracting by manifest.
1293 silly tarball no local data for reselect@https://registry.npmjs.org/reselect/-/reselect-5.1.1.tgz. Extracting by manifest.
1294 silly tarball no local data for postcss@https://registry.npmjs.org/postcss/-/postcss-8.4.31.tgz. Extracting by manifest.
1295 silly tarball no local data for @radix-ui/react-slot@https://registry.npmjs.org/@radix-ui/react-slot/-/react-slot-1.3.3.tgz. Extracting by manifest.
1296 silly tarball no local data for supports-color@https://registry.npmjs.org/supports-color/-/supports-color-8.1.1.tgz. Extracting by manifest.
1297 silly tarball no local data for semver@https://registry.npmjs.org/semver/-/semver-7.8.0.tgz. Extracting by manifest.
1298 silly tarball no local data for @radix-ui/react-compose-refs@https://registry.npmjs.org/@radix-ui/react-compose-refs/-/react-compose-refs-1.1.5.tgz. Extracting by manifest.
1299 silly tarball no local data for debug@https://registry.npmjs.org/debug/-/debug-3.2.7.tgz. Extracting by manifest.
1300 silly tarball no local data for glob-parent@https://registry.npmjs.org/glob-parent/-/glob-parent-5.1.2.tgz. Extracting by manifest.
1301 silly tarball no local data for debug@https://registry.npmjs.org/debug/-/debug-3.2.7.tgz. Extracting by manifest.
1302 silly tarball no local data for debug@https://registry.npmjs.org/debug/-/debug-3.2.7.tgz. Extracting by manifest.
1303 silly tarball no local data for globals@https://registry.npmjs.org/globals/-/globals-16.4.0.tgz. Extracting by manifest.
1304 silly tarball no local data for ajv@https://registry.npmjs.org/ajv/-/ajv-6.15.0.tgz. Extracting by manifest.
1305 silly tarball no local data for json-schema-traverse@https://registry.npmjs.org/json-schema-traverse/-/json-schema-traverse-0.4.1.tgz. Extracting by manifest.
1306 silly tarball no local data for esbuild@https://registry.npmjs.org/esbuild/-/esbuild-0.25.12.tgz. Extracting by manifest.
1307 silly tarball no local data for @esbuild/win32-x64@https://registry.npmjs.org/@esbuild/win32-x64/-/win32-x64-0.25.12.tgz. Extracting by manifest.
1308 silly tarball no local data for @rolldown/pluginutils@https://registry.npmjs.org/@rolldown/pluginutils/-/pluginutils-1.0.0-rc.18.tgz. Extracting by manifest.
1309 silly tarball no local data for brace-expansion@https://registry.npmjs.org/brace-expansion/-/brace-expansion-5.0.6.tgz. Extracting by manifest.
1310 silly tarball no local data for eslint-visitor-keys@https://registry.npmjs.org/eslint-visitor-keys/-/eslint-visitor-keys-5.0.1.tgz. Extracting by manifest.
1311 silly tarball no local data for ignore@https://registry.npmjs.org/ignore/-/ignore-7.0.5.tgz. Extracting by manifest.
1312 silly tarball no local data for immer@https://registry.npmjs.org/immer/-/immer-11.1.16.tgz. Extracting by manifest.
1313 silly tarball no local data for minimatch@https://registry.npmjs.org/minimatch/-/minimatch-10.2.5.tgz. Extracting by manifest.
1314 silly tarball no local data for semver@https://registry.npmjs.org/semver/-/semver-7.8.0.tgz. Extracting by manifest.
1315 silly tarball no local data for balanced-match@https://registry.npmjs.org/balanced-match/-/balanced-match-4.0.4.tgz. Extracting by manifest.
1316 silly tarball no local data for @radix-ui/react-slot@https://registry.npmjs.org/@radix-ui/react-slot/-/react-slot-1.3.3.tgz. Extracting by manifest.
1317 silly tarball no local data for @radix-ui/react-compose-refs@https://registry.npmjs.org/@radix-ui/react-compose-refs/-/react-compose-refs-1.1.5.tgz. Extracting by manifest.
1318 silly tarball no local data for @radix-ui/react-compose-refs@https://registry.npmjs.org/@radix-ui/react-compose-refs/-/react-compose-refs-1.1.5.tgz. Extracting by manifest.
1319 silly tarball no local data for @radix-ui/react-compose-refs@https://registry.npmjs.org/@radix-ui/react-compose-refs/-/react-compose-refs-1.1.5.tgz. Extracting by manifest.
1320 silly tarball no local data for @radix-ui/react-compose-refs@https://registry.npmjs.org/@radix-ui/react-compose-refs/-/react-compose-refs-1.1.5.tgz. Extracting by manifest.
1321 silly tarball no local data for @radix-ui/react-compose-refs@https://registry.npmjs.org/@radix-ui/react-compose-refs/-/react-compose-refs-1.1.5.tgz. Extracting by manifest.
1322 silly tarball no local data for @radix-ui/react-slot@https://registry.npmjs.org/@radix-ui/react-slot/-/react-slot-1.3.3.tgz. Extracting by manifest.
1323 silly tarball no local data for @radix-ui/react-compose-refs@https://registry.npmjs.org/@radix-ui/react-compose-refs/-/react-compose-refs-1.1.5.tgz. Extracting by manifest.
1324 silly tarball no local data for @radix-ui/react-compose-refs@https://registry.npmjs.org/@radix-ui/react-compose-refs/-/react-compose-refs-1.1.5.tgz. Extracting by manifest.
1325 silly tarball no local data for @radix-ui/react-compose-refs@https://registry.npmjs.org/@radix-ui/react-compose-refs/-/react-compose-refs-1.1.5.tgz. Extracting by manifest.
1326 silly tarball no local data for @radix-ui/react-compose-refs@https://registry.npmjs.org/@radix-ui/react-compose-refs/-/react-compose-refs-1.1.5.tgz. Extracting by manifest.
1327 silly tarball no local data for @radix-ui/react-compose-refs@https://registry.npmjs.org/@radix-ui/react-compose-refs/-/react-compose-refs-1.1.5.tgz. Extracting by manifest.
1328 silly tarball no local data for @radix-ui/react-compose-refs@https://registry.npmjs.org/@radix-ui/react-compose-refs/-/react-compose-refs-1.1.5.tgz. Extracting by manifest.
1329 silly tarball no local data for @radix-ui/react-slot@https://registry.npmjs.org/@radix-ui/react-slot/-/react-slot-1.3.3.tgz. Extracting by manifest.
1330 silly tarball no local data for @radix-ui/react-slot@https://registry.npmjs.org/@radix-ui/react-slot/-/react-slot-1.3.3.tgz. Extracting by manifest.
1331 silly tarball no local data for @radix-ui/react-compose-refs@https://registry.npmjs.org/@radix-ui/react-compose-refs/-/react-compose-refs-1.1.5.tgz. Extracting by manifest.
1332 silly tarball no local data for @radix-ui/react-compose-refs@https://registry.npmjs.org/@radix-ui/react-compose-refs/-/react-compose-refs-1.1.5.tgz. Extracting by manifest.
1333 silly tarball no local data for @radix-ui/react-compose-refs@https://registry.npmjs.org/@radix-ui/react-compose-refs/-/react-compose-refs-1.1.5.tgz. Extracting by manifest.
1334 silly tarball no local data for @radix-ui/react-compose-refs@https://registry.npmjs.org/@radix-ui/react-compose-refs/-/react-compose-refs-1.1.5.tgz. Extracting by manifest.
1335 silly tarball no local data for @radix-ui/react-compose-refs@https://registry.npmjs.org/@radix-ui/react-compose-refs/-/react-compose-refs-1.1.5.tgz. Extracting by manifest.
1336 silly tarball no local data for @radix-ui/react-compose-refs@https://registry.npmjs.org/@radix-ui/react-compose-refs/-/react-compose-refs-1.1.5.tgz. Extracting by manifest.
1337 silly tarball no local data for @radix-ui/react-compose-refs@https://registry.npmjs.org/@radix-ui/react-compose-refs/-/react-compose-refs-1.1.5.tgz. Extracting by manifest.
1338 silly tarball no local data for @radix-ui/react-slot@https://registry.npmjs.org/@radix-ui/react-slot/-/react-slot-1.3.3.tgz. Extracting by manifest.
1339 silly tarball no local data for @radix-ui/react-compose-refs@https://registry.npmjs.org/@radix-ui/react-compose-refs/-/react-compose-refs-1.1.5.tgz. Extracting by manifest.
1340 silly tarball no local data for @radix-ui/react-compose-refs@https://registry.npmjs.org/@radix-ui/react-compose-refs/-/react-compose-refs-1.1.5.tgz. Extracting by manifest.
1341 silly tarball no local data for @radix-ui/react-compose-refs@https://registry.npmjs.org/@radix-ui/react-compose-refs/-/react-compose-refs-1.1.5.tgz. Extracting by manifest.
1342 silly tarball no local data for @radix-ui/react-slot@https://registry.npmjs.org/@radix-ui/react-slot/-/react-slot-1.3.3.tgz. Extracting by manifest.
1343 silly tarball no local data for @radix-ui/react-slot@https://registry.npmjs.org/@radix-ui/react-slot/-/react-slot-1.3.3.tgz. Extracting by manifest.
1344 silly tarball no local data for @radix-ui/react-compose-refs@https://registry.npmjs.org/@radix-ui/react-compose-refs/-/react-compose-refs-1.1.5.tgz. Extracting by manifest.
1345 silly tarball no local data for @radix-ui/react-compose-refs@https://registry.npmjs.org/@radix-ui/react-compose-refs/-/react-compose-refs-1.1.5.tgz. Extracting by manifest.
1346 silly tarball no local data for @radix-ui/react-compose-refs@https://registry.npmjs.org/@radix-ui/react-compose-refs/-/react-compose-refs-1.1.5.tgz. Extracting by manifest.
1347 silly tarball no local data for @radix-ui/react-compose-refs@https://registry.npmjs.org/@radix-ui/react-compose-refs/-/react-compose-refs-1.1.5.tgz. Extracting by manifest.
1348 silly tarball no local data for @radix-ui/react-compose-refs@https://registry.npmjs.org/@radix-ui/react-compose-refs/-/react-compose-refs-1.1.5.tgz. Extracting by manifest.
1349 silly tarball no local data for supports-color@https://registry.npmjs.org/supports-color/-/supports-color-10.2.2.tgz. Extracting by manifest.
1350 silly tarball no local data for @radix-ui/react-compose-refs@https://registry.npmjs.org/@radix-ui/react-compose-refs/-/react-compose-refs-1.1.5.tgz. Extracting by manifest.
1351 silly tarball no local data for json-schema-traverse@https://registry.npmjs.org/json-schema-traverse/-/json-schema-traverse-0.4.1.tgz. Extracting by manifest.
1352 silly tarball no local data for esbuild@https://registry.npmjs.org/esbuild/-/esbuild-0.18.20.tgz. Extracting by manifest.
1353 silly tarball no local data for eslint-visitor-keys@https://registry.npmjs.org/eslint-visitor-keys/-/eslint-visitor-keys-3.4.3.tgz. Extracting by manifest.
1354 silly tarball no local data for ajv@https://registry.npmjs.org/ajv/-/ajv-6.15.0.tgz. Extracting by manifest.
1355 silly tarball no local data for @esbuild/win32-x64@https://registry.npmjs.org/@esbuild/win32-x64/-/win32-x64-0.18.20.tgz. Extracting by manifest.
1356 silly tarball no local data for @jridgewell/trace-mapping@https://registry.npmjs.org/@jridgewell/trace-mapping/-/trace-mapping-0.3.9.tgz. Extracting by manifest.
1357 http fetch GET 200 https://registry.npmjs.org/yallist/-/yallist-3.1.1.tgz 1288ms (cache miss)
1358 http fetch GET 200 https://registry.npmjs.org/yocto-queue/-/yocto-queue-0.1.0.tgz 1296ms (cache miss)
1359 http fetch GET 200 https://registry.npmjs.org/word-wrap/-/word-wrap-1.2.5.tgz 1299ms (cache miss)
1360 http fetch GET 200 https://registry.npmjs.org/which/-/which-2.0.2.tgz 1307ms (cache miss)
1361 http fetch GET 200 https://registry.npmjs.org/unrs-resolver/-/unrs-resolver-1.11.1.tgz 1357ms (cache miss)
1362 http fetch GET 200 https://registry.npmjs.org/update-browserslist-db/-/update-browserslist-db-1.2.3.tgz 1417ms (cache miss)
1363 http fetch GET 200 https://registry.npmjs.org/vitefu/-/vitefu-1.1.3.tgz 1484ms (cache miss)
1364 http fetch GET 200 https://registry.npmjs.org/which-collection/-/which-collection-1.0.2.tgz 1494ms (cache miss)
1365 http fetch GET 200 https://registry.npmjs.org/which-builtin-type/-/which-builtin-type-1.2.1.tgz 1569ms (cache miss)
1366 http fetch GET 200 https://registry.npmjs.org/which-boxed-primitive/-/which-boxed-primitive-1.1.1.tgz 1601ms (cache miss)
1367 http fetch GET 200 https://registry.npmjs.org/vite-plugin-dynamic-import/-/vite-plugin-dynamic-import-1.6.0.tgz 1656ms (cache miss)
1368 http fetch GET 200 https://registry.npmjs.org/unicode-trie/-/unicode-trie-2.0.0.tgz 1651ms (cache miss)
1369 http fetch GET 200 https://registry.npmjs.org/youch-core/-/youch-core-0.3.3.tgz 1727ms (cache miss)
1370 http fetch GET 200 https://registry.npmjs.org/which-typed-array/-/which-typed-array-1.1.20.tgz 1761ms (cache miss)
1371 http fetch GET 200 https://registry.npmjs.org/vaul/-/vaul-1.1.2.tgz 1904ms (cache miss)
1372 http fetch GET 200 https://registry.npmjs.org/vite-plugin-commonjs/-/vite-plugin-commonjs-0.10.4.tgz 1966ms (cache miss)
1373 http fetch GET 200 https://registry.npmjs.org/typed-array-buffer/-/typed-array-buffer-1.0.3.tgz 2338ms (cache miss)
1374 http fetch GET 200 https://registry.npmjs.org/typed-array-byte-length/-/typed-array-byte-length-1.0.3.tgz 2352ms (cache miss)
1375 http fetch GET 200 https://registry.npmjs.org/tw-animate-css/-/tw-animate-css-1.4.0.tgz 2514ms (cache miss)
1376 http fetch GET 200 https://registry.npmjs.org/unbox-primitive/-/unbox-primitive-1.1.0.tgz 2594ms (cache miss)
1377 http fetch GET 200 https://registry.npmjs.org/to-regex-range/-/to-regex-range-5.0.1.tgz 2586ms (cache miss)
1378 http fetch GET 200 https://registry.npmjs.org/type-check/-/type-check-0.4.0.tgz 2686ms (cache miss)
1379 http fetch GET 200 https://registry.npmjs.org/tiny-inflate/-/tiny-inflate-1.0.3.tgz 2805ms (cache miss)
1380 http fetch GET 200 https://registry.npmjs.org/supports-color/-/supports-color-7.2.0.tgz 2862ms (cache miss)
1381 http fetch GET 200 https://registry.npmjs.org/typed-array-byte-offset/-/typed-array-byte-offset-1.0.4.tgz 2884ms (cache miss)
1382 http fetch GET 200 https://registry.npmjs.org/typed-array-length/-/typed-array-length-1.0.7.tgz 2887ms (cache miss)
1383 http fetch GET 200 https://registry.npmjs.org/strip-json-comments/-/strip-json-comments-3.1.1.tgz 2935ms (cache miss)
1384 http fetch GET 200 https://registry.npmjs.org/strip-bom/-/strip-bom-3.0.0.tgz 2942ms (cache miss)
1385 http fetch GET 200 https://registry.npmjs.org/use-sync-external-store/-/use-sync-external-store-1.6.0.tgz 2979ms (cache miss)
1386 http fetch GET 200 https://registry.npmjs.org/supports-preserve-symlinks-flag/-/supports-preserve-symlinks-flag-1.0.0.tgz 2956ms (cache miss)
1387 http fetch GET 200 https://registry.npmjs.org/strip-literal/-/strip-literal-3.1.0.tgz 2975ms (cache miss)
1388 http fetch GET 200 https://registry.npmjs.org/string.prototype.trimend/-/string.prototype.trimend-1.0.9.tgz 2975ms (cache miss)
1389 http fetch GET 200 https://registry.npmjs.org/string.prototype.repeat/-/string.prototype.repeat-1.0.0.tgz 3007ms (cache miss)
1390 http fetch GET 200 https://registry.npmjs.org/stable-hash/-/stable-hash-0.0.5.tgz 3078ms (cache miss)
1391 http fetch GET 200 https://registry.npmjs.org/string.prototype.codepointat/-/string.prototype.codepointat-0.2.1.tgz 3080ms (cache miss)
1392 http fetch GET 200 https://registry.npmjs.org/tinyglobby/-/tinyglobby-0.2.16.tgz 3105ms (cache miss)
1393 http fetch GET 200 https://registry.npmjs.org/stop-iteration-iterator/-/stop-iteration-iterator-1.1.0.tgz 3099ms (cache miss)
1394 http fetch GET 200 https://registry.npmjs.org/typescript-eslint/-/typescript-eslint-8.59.3.tgz 3139ms (cache miss)
1395 http fetch GET 200 https://registry.npmjs.org/zod-validation-error/-/zod-validation-error-4.0.2.tgz 3188ms (cache miss)
1396 http fetch GET 200 https://registry.npmjs.org/watchpack/-/watchpack-2.5.1.tgz 3184ms (cache miss)
1397 http fetch GET 200 https://registry.npmjs.org/string.prototype.includes/-/string.prototype.includes-2.0.1.tgz 3167ms (cache miss)
1398 http fetch GET 200 https://registry.npmjs.org/side-channel-map/-/side-channel-map-1.0.1.tgz 3481ms (cache miss)
1399 http fetch GET 200 https://registry.npmjs.org/shebang-regex/-/shebang-regex-3.0.0.tgz 3646ms (cache miss)
1400 http fetch GET 200 https://registry.npmjs.org/side-channel/-/side-channel-1.1.0.tgz 3692ms (cache miss)
1401 http fetch GET 200 https://registry.npmjs.org/shebang-command/-/shebang-command-2.0.0.tgz 3697ms (cache miss)
1402 http fetch GET 200 https://registry.npmjs.org/side-channel-list/-/side-channel-list-1.0.1.tgz 3734ms (cache miss)
1403 http fetch GET 200 https://registry.npmjs.org/source-map-support/-/source-map-support-0.5.21.tgz 3765ms (cache miss)
1404 http fetch GET 200 https://registry.npmjs.org/set-function-name/-/set-function-name-2.0.2.tgz 3763ms (cache miss)
1405 http fetch GET 200 https://registry.npmjs.org/safe-regex-test/-/safe-regex-test-1.1.0.tgz 3760ms (cache miss)
1406 http fetch GET 200 https://registry.npmjs.org/set-function-length/-/set-function-length-1.2.2.tgz 3790ms (cache miss)
1407 http fetch GET 200 https://registry.npmjs.org/set-proto/-/set-proto-1.0.0.tgz 3850ms (cache miss)
1408 http fetch GET 200 https://registry.npmjs.org/safe-array-concat/-/safe-array-concat-1.1.4.tgz 3850ms (cache miss)
1409 http fetch GET 200 https://registry.npmjs.org/turbo-stream/-/turbo-stream-3.2.0.tgz 3910ms (cache miss)
1410 http fetch GET 200 https://registry.npmjs.org/run-parallel/-/run-parallel-1.2.0.tgz 3886ms (cache miss)
1411 http fetch GET 200 https://registry.npmjs.org/ts-api-utils/-/ts-api-utils-2.5.0.tgz 3986ms (cache miss)
1412 http fetch GET 200 https://registry.npmjs.org/resolve-pkg-maps/-/resolve-pkg-maps-1.0.0.tgz 3955ms (cache miss)
1413 http fetch GET 200 https://registry.npmjs.org/resolve-from/-/resolve-from-4.0.0.tgz 3959ms (cache miss)
1414 http fetch GET 200 https://registry.npmjs.org/reusify/-/reusify-1.1.0.tgz 3961ms (cache miss)
1415 http fetch GET 200 https://registry.npmjs.org/redux-thunk/-/redux-thunk-3.1.0.tgz 4005ms (cache miss)
1416 http fetch GET 200 https://registry.npmjs.org/require-from-string/-/require-from-string-2.0.2.tgz 4052ms (cache miss)
1417 http fetch GET 200 https://registry.npmjs.org/safe-push-apply/-/safe-push-apply-1.0.0.tgz 4057ms (cache miss)
1418 http fetch GET 200 https://registry.npmjs.org/ws/-/ws-8.18.0.tgz 4141ms (cache miss)
1419 http fetch GET 200 https://registry.npmjs.org/regexp.prototype.flags/-/regexp.prototype.flags-1.5.4.tgz 4080ms (cache miss)
1420 http fetch GET 200 https://registry.npmjs.org/reflect.getprototypeof/-/reflect.getprototypeof-1.0.10.tgz 4080ms (cache miss)
1421 http fetch GET 200 https://registry.npmjs.org/semver/-/semver-6.3.1.tgz 4170ms (cache miss)
1422 http fetch GET 200 https://registry.npmjs.org/react-is/-/react-is-16.13.1.tgz 4199ms (cache miss)
1423 http fetch GET 200 https://registry.npmjs.org/react-style-singleton/-/react-style-singleton-2.2.3.tgz 4202ms (cache miss)
1424 http fetch GET 200 https://registry.npmjs.org/punycode/-/punycode-2.3.1.tgz 4242ms (cache miss)
1425 http fetch GET 200 https://registry.npmjs.org/queue-microtask/-/queue-microtask-1.2.3.tgz 4313ms (cache miss)
1426 http fetch GET 200 https://registry.npmjs.org/path-key/-/path-key-3.1.1.tgz 4341ms (cache miss)
1427 http fetch GET 200 https://registry.npmjs.org/side-channel-weakmap/-/side-channel-weakmap-1.0.2.tgz 4396ms (cache miss)
1428 http fetch GET 200 https://registry.npmjs.org/postcss-value-parser/-/postcss-value-parser-4.2.0.tgz 4374ms (cache miss)
1429 http fetch GET 200 https://registry.npmjs.org/picocolors/-/picocolors-1.1.1.tgz 4425ms (cache miss)
1430 http fetch GET 200 https://registry.npmjs.org/p-locate/-/p-locate-5.0.0.tgz 4428ms (cache miss)
1431 http fetch GET 200 https://registry.npmjs.org/possible-typed-array-names/-/possible-typed-array-names-1.1.0.tgz 4481ms (cache miss)
1432 http fetch GET 200 https://registry.npmjs.org/p-limit/-/p-limit-3.1.0.tgz 4477ms (cache miss)
1433 http fetch GET 200 https://registry.npmjs.org/path-parse/-/path-parse-1.0.7.tgz 4564ms (cache miss)
1434 http fetch GET 200 https://registry.npmjs.org/terser-webpack-plugin/-/terser-webpack-plugin-5.6.0.tgz 4624ms (cache miss)
1435 http fetch GET 200 https://registry.npmjs.org/parent-module/-/parent-module-1.0.1.tgz 4689ms (cache miss)
1436 http fetch GET 200 https://registry.npmjs.org/path-exists/-/path-exists-4.0.0.tgz 4691ms (cache miss)
1437 http fetch GET 200 https://registry.npmjs.org/optionator/-/optionator-0.9.4.tgz 4690ms (cache miss)
1438 http fetch GET 200 https://registry.npmjs.org/tslib/-/tslib-2.8.1.tgz 4768ms (cache miss)
1439 http fetch GET 200 https://registry.npmjs.org/own-keys/-/own-keys-1.0.1.tgz 4775ms (cache miss)
1440 http fetch GET 200 https://registry.npmjs.org/object.groupby/-/object.groupby-1.0.3.tgz 4826ms (cache miss)
1441 http fetch GET 200 https://registry.npmjs.org/sonner/-/sonner-2.0.8.tgz 4891ms (cache miss)
1442 http fetch GET 200 https://registry.npmjs.org/object-assign/-/object-assign-4.1.1.tgz 5273ms (cache miss)
1443 http fetch GET 200 https://registry.npmjs.org/tiny-invariant/-/tiny-invariant-1.3.3.tgz 5455ms (cache miss)
1444 http fetch GET 200 https://registry.npmjs.org/string.prototype.trimstart/-/string.prototype.trimstart-1.0.8.tgz 5763ms (cache miss)
1445 http fetch GET 200 https://registry.npmjs.org/ms/-/ms-2.1.3.tgz 5707ms (cache miss)
1446 http fetch GET 200 https://registry.npmjs.org/node-releases/-/node-releases-2.0.44.tgz 5813ms (cache miss)
1447 http fetch GET 200 https://registry.npmjs.org/natural-compare/-/natural-compare-1.4.0.tgz 5889ms (cache miss)
1448 http fetch GET 200 https://registry.npmjs.org/string.prototype.trim/-/string.prototype.trim-1.2.10.tgz 5993ms (cache miss)
1449 http fetch GET 200 https://registry.npmjs.org/merge2/-/merge2-1.4.1.tgz 6005ms (cache miss)
1450 http fetch GET 200 https://registry.npmjs.org/nanoid/-/nanoid-3.3.12.tgz 6014ms (cache miss)
1451 http fetch GET 200 https://registry.npmjs.org/micromatch/-/micromatch-4.0.8.tgz 6035ms (cache miss)
1452 http fetch GET 200 https://registry.npmjs.org/minimatch/-/minimatch-3.1.5.tgz 6071ms (cache miss)
1453 http fetch GET 200 https://registry.npmjs.org/lru-cache/-/lru-cache-5.1.1.tgz 6065ms (cache miss)
1454 http fetch GET 200 https://registry.npmjs.org/parse-css-color/-/parse-css-color-0.2.1.tgz 6111ms (cache miss)
1455 http fetch GET 200 https://registry.npmjs.org/string.prototype.matchall/-/string.prototype.matchall-4.0.12.tgz 6193ms (cache miss)
1456 http fetch GET 200 https://registry.npmjs.org/locate-path/-/locate-path-6.0.0.tgz 6140ms (cache miss)
1457 http fetch GET 200 https://registry.npmjs.org/merge-stream/-/merge-stream-2.0.0.tgz 6202ms (cache miss)
1458 http fetch GET 200 https://registry.npmjs.org/math-intrinsics/-/math-intrinsics-1.1.0.tgz 6206ms (cache miss)
1459 http fetch GET 200 https://registry.npmjs.org/lodash.merge/-/lodash.merge-4.6.2.tgz 6204ms (cache miss)
1460 http fetch GET 200 https://registry.npmjs.org/loose-envify/-/loose-envify-1.4.0.tgz 6205ms (cache miss)
1461 http fetch GET 200 https://registry.npmjs.org/keyv/-/keyv-4.5.4.tgz 6205ms (cache miss)
1462 http fetch GET 200 https://registry.npmjs.org/kleur/-/kleur-4.1.5.tgz 6284ms (cache miss)
1463 http fetch GET 200 https://registry.npmjs.org/loader-runner/-/loader-runner-4.3.2.tgz 6334ms (cache miss)
1464 http fetch GET 200 https://registry.npmjs.org/json-stable-stringify-without-jsonify/-/json-stable-stringify-without-jsonify-1.0.1.tgz 6340ms (cache miss)
1465 http fetch GET 200 https://registry.npmjs.org/json-buffer/-/json-buffer-3.0.1.tgz 6403ms (cache miss)
1466 http fetch GET 200 https://registry.npmjs.org/picomatch/-/picomatch-2.3.2.tgz 6463ms (cache miss)
1467 http fetch GET 200 https://registry.npmjs.org/path-to-regexp/-/path-to-regexp-6.3.0.tgz 6460ms (cache miss)
1468 http fetch GET 200 https://registry.npmjs.org/is-weakref/-/is-weakref-1.1.1.tgz 6439ms (cache miss)
1469 http fetch GET 200 https://registry.npmjs.org/prelude-ls/-/prelude-ls-1.2.1.tgz 6485ms (cache miss)
1470 http fetch GET 200 https://registry.npmjs.org/isarray/-/isarray-2.0.5.tgz 6453ms (cache miss)
1471 http fetch GET 200 https://registry.npmjs.org/isexe/-/isexe-2.0.0.tgz 6467ms (cache miss)
1472 http fetch GET 200 https://registry.npmjs.org/json-schema-traverse/-/json-schema-traverse-1.0.0.tgz 6479ms (cache miss)
1473 http fetch GET 200 https://registry.npmjs.org/jsesc/-/jsesc-3.1.0.tgz 6479ms (cache miss)
1474 http fetch GET 200 https://registry.npmjs.org/js-tokens/-/js-tokens-4.0.0.tgz 6511ms (cache miss)
1475 http fetch GET 200 https://registry.npmjs.org/is-glob/-/is-glob-4.0.3.tgz 6506ms (cache miss)
1476 http fetch GET 200 https://registry.npmjs.org/next-themes/-/next-themes-0.4.6.tgz 6546ms (cache miss)
1477 http fetch GET 200 https://registry.npmjs.org/iterator.prototype/-/iterator.prototype-1.1.5.tgz 6523ms (cache miss)
1478 http fetch GET 200 https://registry.npmjs.org/is-string/-/is-string-1.1.1.tgz 6524ms (cache miss)
1479 http fetch GET 200 https://registry.npmjs.org/is-typed-array/-/is-typed-array-1.1.15.tgz 6530ms (cache miss)
1480 http fetch GET 200 https://registry.npmjs.org/is-set/-/is-set-2.0.3.tgz 6562ms (cache miss)
1481 http fetch GET 200 https://registry.npmjs.org/prop-types/-/prop-types-15.8.1.tgz 6621ms (cache miss)
1482 http fetch GET 200 https://registry.npmjs.org/language-tags/-/language-tags-1.0.9.tgz 6587ms (cache miss)
1483 http fetch GET 200 https://registry.npmjs.org/is-negative-zero/-/is-negative-zero-2.0.3.tgz 6576ms (cache miss)
1484 http fetch GET 200 https://registry.npmjs.org/is-shared-array-buffer/-/is-shared-array-buffer-1.0.4.tgz 6582ms (cache miss)
1485 http fetch GET 200 https://registry.npmjs.org/is-symbol/-/is-symbol-1.1.1.tgz 6598ms (cache miss)
1486 http fetch GET 200 https://registry.npmjs.org/is-data-view/-/is-data-view-1.0.2.tgz 6595ms (cache miss)
1487 http fetch GET 200 https://registry.npmjs.org/is-finalizationregistry/-/is-finalizationregistry-1.1.1.tgz 6610ms (cache miss)
1488 http fetch GET 200 https://registry.npmjs.org/levn/-/levn-0.4.1.tgz 6641ms (cache miss)
1489 http fetch GET 200 https://registry.npmjs.org/is-map/-/is-map-2.0.3.tgz 6637ms (cache miss)
1490 http fetch GET 200 https://registry.npmjs.org/mime-db/-/mime-db-1.54.0.tgz 6684ms (cache miss)
1491 http fetch GET 200 https://registry.npmjs.org/undici-types/-/undici-types-6.21.0.tgz 6775ms (cache miss)
1492 http fetch GET 200 https://registry.npmjs.org/is-bun-module/-/is-bun-module-2.0.0.tgz 6666ms (cache miss)
1493 http fetch GET 200 https://registry.npmjs.org/is-extglob/-/is-extglob-2.1.1.tgz 6668ms (cache miss)
1494 http fetch GET 200 https://registry.npmjs.org/ipaddr.js/-/ipaddr.js-2.4.0.tgz 6700ms (cache miss)
1495 http fetch GET 200 https://registry.npmjs.org/is-number/-/is-number-7.0.0.tgz 6706ms (cache miss)
1496 http fetch GET 200 https://registry.npmjs.org/is-array-buffer/-/is-array-buffer-3.0.5.tgz 6704ms (cache miss)
1497 http fetch GET 200 https://registry.npmjs.org/is-core-module/-/is-core-module-2.16.2.tgz 6717ms (cache miss)
1498 http fetch GET 200 https://registry.npmjs.org/import-fresh/-/import-fresh-3.3.1.tgz 6738ms (cache miss)
1499 http fetch GET 200 https://registry.npmjs.org/object-keys/-/object-keys-1.1.1.tgz 6784ms (cache miss)
1500 http fetch GET 200 https://registry.npmjs.org/is-async-function/-/is-async-function-2.1.1.tgz 6774ms (cache miss)
1501 http fetch GET 200 https://registry.npmjs.org/internmap/-/internmap-2.0.3.tgz 6777ms (cache miss)
1502 http fetch GET 200 https://registry.npmjs.org/is-bigint/-/is-bigint-1.1.0.tgz 6780ms (cache miss)
1503 http fetch GET 200 https://registry.npmjs.org/imurmurhash/-/imurmurhash-0.1.4.tgz 6781ms (cache miss)
1504 http fetch GET 200 https://registry.npmjs.org/hasown/-/hasown-2.0.3.tgz 6786ms (cache miss)
1505 http fetch GET 200 https://registry.npmjs.org/hex-rgb/-/hex-rgb-4.3.0.tgz 6851ms (cache miss)
1506 http fetch GET 200 https://registry.npmjs.org/scheduler/-/scheduler-0.27.0.tgz 6931ms (cache miss)
1507 http fetch GET 200 https://registry.npmjs.org/graceful-fs/-/graceful-fs-4.2.11.tgz 6865ms (cache miss)
1508 http fetch GET 200 https://registry.npmjs.org/has-flag/-/has-flag-4.0.0.tgz 6911ms (cache miss)
1509 http fetch GET 200 https://registry.npmjs.org/has-symbols/-/has-symbols-1.1.0.tgz 6915ms (cache miss)
1510 http fetch GET 200 https://registry.npmjs.org/has-proto/-/has-proto-1.2.0.tgz 6917ms (cache miss)
1511 http fetch GET 200 https://registry.npmjs.org/internal-slot/-/internal-slot-1.1.0.tgz 6923ms (cache miss)
1512 http fetch GET 200 https://registry.npmjs.org/has-property-descriptors/-/has-property-descriptors-1.0.2.tgz 6918ms (cache miss)
1513 http fetch GET 200 https://registry.npmjs.org/gopd/-/gopd-1.2.0.tgz 6987ms (cache miss)
1514 http fetch GET 200 https://registry.npmjs.org/glob-to-regexp/-/glob-to-regexp-0.4.1.tgz 7067ms (cache miss)
1515 http fetch GET 200 https://registry.npmjs.org/get-symbol-description/-/get-symbol-description-1.1.0.tgz 7150ms (cache miss)
1516 http fetch GET 200 https://registry.npmjs.org/functions-have-names/-/functions-have-names-1.2.3.tgz 7171ms (cache miss)
1517 http fetch GET 200 https://registry.npmjs.org/react-resizable-panels/-/react-resizable-panels-4.12.2.tgz 7283ms (cache miss)
1518 http fetch GET 200 https://registry.npmjs.org/gensync/-/gensync-1.0.0-beta.2.tgz 7220ms (cache miss)
1519 http fetch GET 200 https://registry.npmjs.org/get-proto/-/get-proto-1.0.1.tgz 7241ms (cache miss)
1520 http fetch GET 200 https://registry.npmjs.org/flatted/-/flatted-3.4.2.tgz 7239ms (cache miss)
1521 http fetch GET 200 https://registry.npmjs.org/get-nonce/-/get-nonce-1.0.1.tgz 7284ms (cache miss)
1522 http fetch GET 200 https://registry.npmjs.org/for-each/-/for-each-0.3.5.tgz 7281ms (cache miss)
1523 http fetch GET 200 https://registry.npmjs.org/function.prototype.name/-/function.prototype.name-1.1.8.tgz 7309ms (cache miss)
1524 http fetch GET 200 https://registry.npmjs.org/fill-range/-/fill-range-7.1.1.tgz 7308ms (cache miss)
1525 http fetch GET 200 https://registry.npmjs.org/find-up/-/find-up-5.0.0.tgz 7313ms (cache miss)
1526 http fetch GET 200 https://registry.npmjs.org/ignore/-/ignore-5.3.2.tgz 7328ms (cache miss)
1527 http fetch GET 200 https://registry.npmjs.org/generator-function/-/generator-function-2.0.1.tgz 7346ms (cache miss)
1528 http fetch GET 200 https://registry.npmjs.org/file-entry-cache/-/file-entry-cache-8.0.0.tgz 7360ms (cache miss)
1529 http fetch GET 200 https://registry.npmjs.org/source-map-js/-/source-map-js-1.2.1.tgz 7481ms (cache miss)
1530 http fetch GET 200 https://registry.npmjs.org/linebreak/-/linebreak-1.1.0.tgz 7438ms (cache miss)
1531 http fetch GET 200 https://registry.npmjs.org/fast-levenshtein/-/fast-levenshtein-2.0.6.tgz 7430ms (cache miss)
1532 http fetch GET 200 https://registry.npmjs.org/fast-json-stable-stringify/-/fast-json-stable-stringify-2.1.0.tgz 7473ms (cache miss)
1533 http fetch GET 200 https://registry.npmjs.org/has-bigints/-/has-bigints-1.1.0.tgz 7488ms (cache miss)
1534 http fetch GET 200 https://registry.npmjs.org/glob-parent/-/glob-parent-6.0.2.tgz 7496ms (cache miss)
1535 http fetch GET 200 https://registry.npmjs.org/fast-deep-equal/-/fast-deep-equal-3.1.3.tgz 7488ms (cache miss)
1536 http fetch GET 200 https://registry.npmjs.org/fastq/-/fastq-1.20.1.tgz 7511ms (cache miss)
1537 http fetch GET 200 https://registry.npmjs.org/estraverse/-/estraverse-5.3.0.tgz 7519ms (cache miss)
1538 http fetch GET 200 https://registry.npmjs.org/eventemitter3/-/eventemitter3-5.0.4.tgz 7529ms (cache miss)
1539 http fetch GET 200 https://registry.npmjs.org/esrecurse/-/esrecurse-4.3.0.tgz 7532ms (cache miss)
1540 http fetch GET 200 https://registry.npmjs.org/globals/-/globals-14.0.0.tgz 7568ms (cache miss)
1541 http fetch GET 200 https://registry.npmjs.org/estree-walker/-/estree-walker-3.0.3.tgz 7558ms (cache miss)
1542 http fetch GET 200 https://registry.npmjs.org/globalthis/-/globalthis-1.0.4.tgz 7572ms (cache miss)
1543 http fetch GET 200 https://registry.npmjs.org/is-regex/-/is-regex-1.2.1.tgz 7604ms (cache miss)
1544 http fetch GET 200 https://registry.npmjs.org/object.fromentries/-/object.fromentries-2.0.8.tgz 7640ms (cache miss)
1545 http fetch GET 200 https://registry.npmjs.org/escape-html/-/escape-html-1.0.3.tgz 7579ms (cache miss)
1546 http fetch GET 200 https://registry.npmjs.org/is-callable/-/is-callable-1.2.7.tgz 7637ms (cache miss)
1547 http fetch GET 200 https://registry.npmjs.org/escalade/-/escalade-3.2.0.tgz 7608ms (cache miss)
1548 http fetch GET 200 https://registry.npmjs.org/escape-string-regexp/-/escape-string-regexp-4.0.0.tgz 7609ms (cache miss)
1549 http fetch GET 200 https://registry.npmjs.org/eslint-import-resolver-node/-/eslint-import-resolver-node-0.3.10.tgz 7611ms (cache miss)
1550 http fetch GET 200 https://registry.npmjs.org/eslint-config-next/-/eslint-config-next-16.2.6.tgz 7611ms (cache miss)
1551 http fetch GET 200 https://registry.npmjs.org/is-weakmap/-/is-weakmap-2.0.2.tgz 7679ms (cache miss)
1552 http fetch GET 200 https://registry.npmjs.org/tapable/-/tapable-2.3.3.tgz 7764ms (cache miss)
1553 http fetch GET 200 https://registry.npmjs.org/webpack-sources/-/webpack-sources-3.4.1.tgz 7810ms (cache miss)
1554 http fetch GET 200 https://registry.npmjs.org/es-set-tostringtag/-/es-set-tostringtag-2.1.0.tgz 7660ms (cache miss)
1555 http fetch GET 200 https://registry.npmjs.org/es-define-property/-/es-define-property-1.0.1.tgz 7661ms (cache miss)
1556 http fetch GET 200 https://registry.npmjs.org/es-object-atoms/-/es-object-atoms-1.1.1.tgz 7678ms (cache miss)
1557 http fetch GET 200 https://registry.npmjs.org/error-stack-parser-es/-/error-stack-parser-es-1.0.5.tgz 7677ms (cache miss)
1558 http fetch GET 200 https://registry.npmjs.org/es-shim-unscopables/-/es-shim-unscopables-1.1.0.tgz 7705ms (cache miss)
1559 http fetch GET 200 https://registry.npmjs.org/object.values/-/object.values-1.2.1.tgz 7782ms (cache miss)
1560 http fetch GET 200 https://registry.npmjs.org/is-number-object/-/is-number-object-1.1.1.tgz 7749ms (cache miss)
1561 http fetch GET 200 https://registry.npmjs.org/emoji-regex-xs/-/emoji-regex-xs-2.0.1.tgz 7723ms (cache miss)
1562 http fetch GET 200 https://registry.npmjs.org/emoji-regex/-/emoji-regex-9.2.2.tgz 7724ms (cache miss)
1563 http fetch GET 200 https://registry.npmjs.org/es-errors/-/es-errors-1.3.0.tgz 7730ms (cache miss)
1564 http fetch GET 200 https://registry.npmjs.org/is-weakset/-/is-weakset-2.0.4.tgz 7779ms (cache miss)
1565 http fetch GET 200 https://registry.npmjs.org/is-date-object/-/is-date-object-1.1.0.tgz 7800ms (cache miss)
1566 http fetch GET 200 https://registry.npmjs.org/is-boolean-object/-/is-boolean-object-1.2.2.tgz 7799ms (cache miss)
1567 http fetch GET 200 https://registry.npmjs.org/flat-cache/-/flat-cache-4.0.1.tgz 7793ms (cache miss)
1568 http fetch GET 200 https://registry.npmjs.org/get-intrinsic/-/get-intrinsic-1.3.0.tgz 7801ms (cache miss)
1569 http fetch GET 200 https://registry.npmjs.org/embla-carousel-react/-/embla-carousel-react-8.6.0.tgz 7799ms (cache miss)
1570 http fetch GET 200 https://registry.npmjs.org/input-otp/-/input-otp-1.4.2.tgz 7876ms (cache miss)
1571 http fetch GET 200 https://registry.npmjs.org/embla-carousel-reactive-utils/-/embla-carousel-reactive-utils-8.6.0.tgz 7866ms (cache miss)
1572 http fetch GET 200 https://registry.npmjs.org/get-tsconfig/-/get-tsconfig-4.14.0.tgz 7906ms (cache miss)
1573 http fetch GET 200 https://registry.npmjs.org/is-generator-function/-/is-generator-function-1.1.2.tgz 7961ms (cache miss)
1574 http fetch GET 200 https://registry.npmjs.org/object.entries/-/object.entries-1.1.9.tgz 8027ms (cache miss)
1575 http fetch GET 200 https://registry.npmjs.org/pathe/-/pathe-2.0.3.tgz 8044ms (cache miss)
1576 http fetch GET 200 https://registry.npmjs.org/define-properties/-/define-properties-1.2.1.tgz 7970ms (cache miss)
1577 http fetch GET 200 https://registry.npmjs.org/esutils/-/esutils-2.0.3.tgz 8082ms (cache miss)
1578 http fetch GET 200 https://registry.npmjs.org/dunder-proto/-/dunder-proto-1.0.1.tgz 8085ms (cache miss)
1579 http fetch GET 200 https://registry.npmjs.org/yoga-layout/-/yoga-layout-3.2.1.tgz 8333ms (cache miss)
1580 http fetch GET 200 https://registry.npmjs.org/detect-libc/-/detect-libc-2.1.2.tgz 8270ms (cache miss)
1581 http fetch GET 200 https://registry.npmjs.org/deep-is/-/deep-is-0.1.4.tgz 8293ms (cache miss)
1582 http fetch GET 200 https://registry.npmjs.org/function-bind/-/function-bind-1.1.2.tgz 8349ms (cache miss)
1583 http fetch GET 200 https://registry.npmjs.org/detect-node-es/-/detect-node-es-1.1.0.tgz 8324ms (cache miss)
1584 http fetch GET 200 https://registry.npmjs.org/esbuild/-/esbuild-0.28.0.tgz 8336ms (cache miss)
1585 http fetch GET 200 https://registry.npmjs.org/eslint-import-resolver-typescript/-/eslint-import-resolver-typescript-3.10.1.tgz 8348ms (cache miss)
1586 http fetch GET 200 https://registry.npmjs.org/data-view-byte-offset/-/data-view-byte-offset-1.0.1.tgz 8347ms (cache miss)
1587 http fetch GET 200 https://registry.npmjs.org/magic-string/-/magic-string-0.30.21.tgz 8424ms (cache miss)
1588 http fetch GET 200 https://registry.npmjs.org/eslint-visitor-keys/-/eslint-visitor-keys-4.2.1.tgz 8375ms (cache miss)
1589 http fetch GET 200 https://registry.npmjs.org/damerau-levenshtein/-/damerau-levenshtein-1.0.8.tgz 8368ms (cache miss)
1590 http fetch GET 200 https://registry.npmjs.org/es-module-lexer/-/es-module-lexer-2.1.0.tgz 8401ms (cache miss)
1591 http fetch GET 200 https://registry.npmjs.org/d3-timer/-/d3-timer-3.0.1.tgz 8399ms (cache miss)
1592 http fetch GET 200 https://registry.npmjs.org/data-view-buffer/-/data-view-buffer-1.0.2.tgz 8427ms (cache miss)
1593 http fetch GET 200 https://registry.npmjs.org/data-view-byte-length/-/data-view-byte-length-1.0.2.tgz 8491ms (cache miss)
1594 http fetch GET 200 https://registry.npmjs.org/d3-path/-/d3-path-3.1.0.tgz 8490ms (cache miss)
1595 http fetch GET 200 https://registry.npmjs.org/styled-jsx/-/styled-jsx-5.1.6.tgz 8648ms (cache miss)
1596 http fetch GET 200 https://registry.npmjs.org/espree/-/espree-10.4.0.tgz 8536ms (cache miss)
1597 http fetch GET 200 https://registry.npmjs.org/d3-time/-/d3-time-3.1.0.tgz 8523ms (cache miss)
1598 http fetch GET 200 https://registry.npmjs.org/has-tostringtag/-/has-tostringtag-1.0.2.tgz 8582ms (cache miss)
1599 http fetch GET 200 https://registry.npmjs.org/object.assign/-/object.assign-4.1.7.tgz 8651ms (cache miss)
1600 http fetch GET 200 https://registry.npmjs.org/doctrine/-/doctrine-2.1.0.tgz 8616ms (cache miss)
1601 http fetch GET 200 https://registry.npmjs.org/debug/-/debug-4.4.3.tgz 8622ms (cache miss)
1602 http fetch GET 200 https://registry.npmjs.org/schema-utils/-/schema-utils-4.3.3.tgz 8746ms (cache miss)
1603 http fetch GET 200 https://registry.npmjs.org/d3-color/-/d3-color-3.1.0.tgz 8644ms (cache miss)
1604 http fetch GET 200 https://registry.npmjs.org/electron-to-chromium/-/electron-to-chromium-1.5.358.tgz 8685ms (cache miss)
1605 http fetch GET 200 https://registry.npmjs.org/source-map/-/source-map-0.6.1.tgz 8840ms (cache miss)
1606 http fetch GET 200 https://registry.npmjs.org/define-data-property/-/define-data-property-1.1.4.tgz 8731ms (cache miss)
1607 http fetch GET 200 https://registry.npmjs.org/lightningcss/-/lightningcss-1.31.1.tgz 8805ms (cache miss)
1608 http fetch GET 200 https://registry.npmjs.org/css-box-shadow/-/css-box-shadow-1.0.0-3.tgz 8853ms (cache miss)
1609 http fetch GET 200 https://registry.npmjs.org/css-gradient-parser/-/css-gradient-parser-0.0.16.tgz 8864ms (cache miss)
1610 http fetch GET 200 https://registry.npmjs.org/css-color-keywords/-/css-color-keywords-1.0.0.tgz 8875ms (cache miss)
1611 http fetch GET 200 https://registry.npmjs.org/react/-/react-19.2.6.tgz 8999ms (cache miss)
1612 http fetch GET 200 https://registry.npmjs.org/eslint-scope/-/eslint-scope-8.4.0.tgz 8926ms (cache miss)
1613 http fetch GET 200 https://registry.npmjs.org/d3-ease/-/d3-ease-3.0.1.tgz 8906ms (cache miss)
1614 http fetch GET 200 https://registry.npmjs.org/decimal.js-light/-/decimal.js-light-2.5.1.tgz 8917ms (cache miss)
1615 http fetch GET 200 https://registry.npmjs.org/hermes-estree/-/hermes-estree-0.25.1.tgz 8962ms (cache miss)
1616 http fetch GET 200 https://registry.npmjs.org/convert-source-map/-/convert-source-map-2.0.0.tgz 8913ms (cache miss)
1617 http fetch GET 200 https://registry.npmjs.org/css-background-parser/-/css-background-parser-0.1.0.tgz 8921ms (cache miss)
1618 http fetch GET 200 https://registry.npmjs.org/cookie/-/cookie-1.1.1.tgz 8934ms (cache miss)
1619 http fetch GET 200 https://registry.npmjs.org/minimist/-/minimist-1.2.8.tgz 9033ms (cache miss)
1620 http fetch GET 200 https://registry.npmjs.org/cross-spawn/-/cross-spawn-7.0.6.tgz 8960ms (cache miss)
1621 http fetch GET 200 https://registry.npmjs.org/color-convert/-/color-convert-2.0.1.tgz 8966ms (cache miss)
1622 http fetch GET 200 https://registry.npmjs.org/json5/-/json5-2.2.3.tgz 9042ms (cache miss)
1623 http fetch GET 200 https://registry.npmjs.org/concat-map/-/concat-map-0.0.1.tgz 8975ms (cache miss)
1624 http fetch GET 200 https://registry.npmjs.org/color-name/-/color-name-1.1.4.tgz 8981ms (cache miss)
1625 http fetch GET 200 https://registry.npmjs.org/client-only/-/client-only-0.0.1.tgz 8987ms (cache miss)
1626 http fetch GET 200 https://registry.npmjs.org/chrome-trace-event/-/chrome-trace-event-1.0.4.tgz 8989ms (cache miss)
1627 http fetch GET 200 https://registry.npmjs.org/clsx/-/clsx-2.1.1.tgz 8993ms (cache miss)
1628 http fetch GET 200 https://registry.npmjs.org/fflate/-/fflate-0.7.4.tgz 9043ms (cache miss)
1629 http fetch GET 200 https://registry.npmjs.org/commander/-/commander-2.20.3.tgz 9006ms (cache miss)
1630 http fetch GET 200 https://registry.npmjs.org/napi-postinstall/-/napi-postinstall-0.3.4.tgz 9112ms (cache miss)
1631 http fetch GET 200 https://registry.npmjs.org/class-variance-authority/-/class-variance-authority-0.7.1.tgz 9032ms (cache miss)
1632 http fetch GET 200 https://registry.npmjs.org/callsites/-/callsites-3.1.0.tgz 9071ms (cache miss)
1633 http fetch GET 200 https://registry.npmjs.org/es-to-primitive/-/es-to-primitive-1.3.0.tgz 9113ms (cache miss)
1634 http fetch GET 200 https://registry.npmjs.org/camelize/-/camelize-1.0.1.tgz 9105ms (cache miss)
1635 http fetch GET 200 https://registry.npmjs.org/buffer-from/-/buffer-from-1.1.2.tgz 9127ms (cache miss)
1636 http fetch GET 200 https://registry.npmjs.org/satori/-/satori-0.16.0.tgz 9268ms (cache miss)
1637 http fetch GET 200 https://registry.npmjs.org/call-bound/-/call-bound-1.0.4.tgz 9132ms (cache miss)
1638 http fetch GET 200 https://registry.npmjs.org/brace-expansion/-/brace-expansion-1.1.14.tgz 9174ms (cache miss)
1639 http fetch GET 200 https://registry.npmjs.org/call-bind/-/call-bind-1.0.9.tgz 9187ms (cache miss)
1640 http fetch GET 200 https://registry.npmjs.org/call-bind-apply-helpers/-/call-bind-apply-helpers-1.0.2.tgz 9211ms (cache miss)
1641 http fetch GET 200 https://registry.npmjs.org/node-exports-info/-/node-exports-info-1.6.0.tgz 9338ms (cache miss)
1642 http fetch GET 200 https://registry.npmjs.org/balanced-match/-/balanced-match-1.0.2.tgz 9243ms (cache miss)
1643 http fetch GET 200 https://registry.npmjs.org/chalk/-/chalk-4.1.2.tgz 9284ms (cache miss)
1644 http fetch GET 200 https://registry.npmjs.org/base64-js/-/base64-js-0.0.8.tgz 9344ms (cache miss)
1645 http fetch GET 200 https://registry.npmjs.org/redux/-/redux-5.0.1.tgz 9477ms (cache miss)
1646 http fetch GET 200 https://registry.npmjs.org/tailwindcss/-/tailwindcss-4.2.1.tgz 9514ms (cache miss)
1647 http fetch GET 200 https://registry.npmjs.org/react-remove-scroll-bar/-/react-remove-scroll-bar-2.3.8.tgz 9519ms (cache miss)
1648 http fetch GET 200 https://registry.npmjs.org/available-typed-arrays/-/available-typed-arrays-1.0.7.tgz 9405ms (cache miss)
1649 http fetch GET 200 https://registry.npmjs.org/esquery/-/esquery-1.7.0.tgz 9461ms (cache miss)
1650 http fetch GET 200 https://registry.npmjs.org/eslint-module-utils/-/eslint-module-utils-2.12.1.tgz 9462ms (cache miss)
1651 http fetch GET 200 https://registry.npmjs.org/object-inspect/-/object-inspect-1.13.4.tgz 9573ms (cache miss)
1652 http fetch GET 200 https://registry.npmjs.org/ast-types-flow/-/ast-types-flow-0.0.8.tgz 9465ms (cache miss)
1653 http fetch GET 200 https://registry.npmjs.org/arraybuffer.prototype.slice/-/arraybuffer.prototype.slice-1.0.4.tgz 9491ms (cache miss)
1654 http fetch GET 200 https://registry.npmjs.org/async-function/-/async-function-1.0.0.tgz 9497ms (cache miss)
1655 http fetch GET 200 https://registry.npmjs.org/array.prototype.tosorted/-/array.prototype.tosorted-1.1.4.tgz 9497ms (cache miss)
1656 http fetch GET 200 https://registry.npmjs.org/array.prototype.flatmap/-/array.prototype.flatmap-1.3.3.tgz 9511ms (cache miss)
1657 http fetch GET 200 https://registry.npmjs.org/csstype/-/csstype-3.2.3.tgz 9532ms (cache miss)
1658 http fetch GET 200 https://registry.npmjs.org/browserslist/-/browserslist-4.28.2.tgz 9521ms (cache miss)
1659 http fetch GET 200 https://registry.npmjs.org/jest-worker/-/jest-worker-27.5.1.tgz 9601ms (cache miss)
1660 http fetch GET 200 https://registry.npmjs.org/array.prototype.flat/-/array.prototype.flat-1.3.3.tgz 9528ms (cache miss)
1661 http fetch GET 200 https://registry.npmjs.org/sharp/-/sharp-0.34.5.tgz 9678ms (cache miss)
1662 http fetch GET 200 https://registry.npmjs.org/baseline-browser-mapping/-/baseline-browser-mapping-2.10.30.tgz 9546ms (cache miss)
1663 http fetch GET 200 https://registry.npmjs.org/cmdk/-/cmdk-1.1.1.tgz 9579ms (cache miss)
1664 http fetch GET 200 https://registry.npmjs.org/pako/-/pako-0.2.9.tgz 9697ms (cache miss)
1665 http fetch GET 200 https://registry.npmjs.org/array.prototype.findlastindex/-/array.prototype.findlastindex-1.2.6.tgz 9586ms (cache miss)
1666 http fetch GET 200 https://registry.npmjs.org/braces/-/braces-3.0.3.tgz 9605ms (cache miss)
1667 http fetch GET 200 https://registry.npmjs.org/array-buffer-byte-length/-/array-buffer-byte-length-1.0.2.tgz 9617ms (cache miss)
1668 http fetch GET 200 https://registry.npmjs.org/tailwind-merge/-/tailwind-merge-3.6.0.tgz 9809ms (cache miss)
1669 http fetch GET 200 https://registry.npmjs.org/array.prototype.findlast/-/array.prototype.findlast-1.2.5.tgz 9656ms (cache miss)
1670 http fetch GET 200 https://registry.npmjs.org/jiti/-/jiti-2.7.0.tgz 9771ms (cache miss)
1671 http fetch GET 200 https://registry.npmjs.org/language-subtag-registry/-/language-subtag-registry-0.3.23.tgz 9808ms (cache miss)
1672 http fetch GET 200 https://registry.npmjs.org/events/-/events-3.3.0.tgz 9770ms (cache miss)
1673 http fetch GET 200 https://registry.npmjs.org/srvx/-/srvx-0.11.15.tgz 9876ms (cache miss)
1674 http fetch GET 200 https://registry.npmjs.org/aria-hidden/-/aria-hidden-1.2.6.tgz 9739ms (cache miss)
1675 http fetch GET 200 https://registry.npmjs.org/youch/-/youch-4.1.0-beta.10.tgz 9964ms (cache miss)
1676 http fetch GET 200 https://registry.npmjs.org/reselect/-/reselect-5.2.0.tgz 9893ms (cache miss)
1677 http fetch GET 200 https://registry.npmjs.org/ansi-styles/-/ansi-styles-4.3.0.tgz 9769ms (cache miss)
1678 http fetch GET 200 https://registry.npmjs.org/argparse/-/argparse-2.0.1.tgz 9778ms (cache miss)
1679 http fetch GET 200 https://registry.npmjs.org/fast-uri/-/fast-uri-3.1.2.tgz 9902ms (cache miss)
1680 http fetch GET 200 https://registry.npmjs.org/ajv-formats/-/ajv-formats-2.1.1.tgz 9873ms (cache miss)
1681 http fetch GET 200 https://registry.npmjs.org/workerd/-/workerd-1.20260515.1.tgz 10131ms (cache miss)
1682 http fetch GET 200 https://registry.npmjs.org/js-yaml/-/js-yaml-4.1.1.tgz 10045ms (cache miss)
1683 http fetch GET 200 https://registry.npmjs.org/acorn-jsx/-/acorn-jsx-5.3.2.tgz 9956ms (cache miss)
1684 http fetch GET 200 https://registry.npmjs.org/@webassemblyjs/wast-printer/-/wast-printer-1.14.1.tgz 9958ms (cache miss)
1685 http fetch GET 200 https://registry.npmjs.org/acorn-import-phases/-/acorn-import-phases-1.0.4.tgz 9966ms (cache miss)
1686 http fetch GET 200 https://registry.npmjs.org/react-server-dom-webpack/-/react-server-dom-webpack-19.2.6.tgz 10112ms (cache miss)
1687 http fetch GET 200 https://registry.npmjs.org/@xtuc/ieee754/-/ieee754-1.2.0.tgz 9987ms (cache miss)
1688 http fetch GET 200 https://registry.npmjs.org/@xtuc/long/-/long-4.2.2.tgz 9991ms (cache miss)
1689 http fetch GET 200 https://registry.npmjs.org/acorn-loose/-/acorn-loose-8.5.2.tgz 9993ms (cache miss)
1690 http fetch GET 200 https://registry.npmjs.org/d3-scale/-/d3-scale-4.0.2.tgz 10045ms (cache miss)
1691 http fetch GET 200 https://registry.npmjs.org/array-includes/-/array-includes-3.1.9.tgz 10032ms (cache miss)
1692 http fetch GET 200 https://registry.npmjs.org/@webassemblyjs/wasm-gen/-/wasm-gen-1.14.1.tgz 10038ms (cache miss)
1693 http fetch GET 200 https://registry.npmjs.org/@webassemblyjs/wasm-opt/-/wasm-opt-1.14.1.tgz 10045ms (cache miss)
1694 http fetch GET 200 https://registry.npmjs.org/d3-interpolate/-/d3-interpolate-3.0.1.tgz 10125ms (cache miss)
1695 http fetch GET 200 https://registry.npmjs.org/@webassemblyjs/wasm-edit/-/wasm-edit-1.14.1.tgz 10109ms (cache miss)
1696 http fetch GET 200 https://registry.npmjs.org/vite/-/vite-8.0.13.tgz 10336ms (cache miss)
1697 http fetch GET 200 https://registry.npmjs.org/@webassemblyjs/ieee754/-/ieee754-1.13.2.tgz 10150ms (cache miss)
1698 http fetch GET 200 https://registry.npmjs.org/immer/-/immer-10.2.0.tgz 10234ms (cache miss)
1699 http fetch GET 200 https://registry.npmjs.org/tsx/-/tsx-4.22.1.tgz 10347ms (cache miss)
1700 http fetch GET 200 https://registry.npmjs.org/uri-js/-/uri-js-4.4.1.tgz 10415ms (cache miss)
1701 http fetch GET 200 https://registry.npmjs.org/use-sidecar/-/use-sidecar-1.1.3.tgz 10421ms (cache miss)
1702 http fetch GET 200 https://registry.npmjs.org/@webassemblyjs/utf8/-/utf8-1.13.2.tgz 10220ms (cache miss)
1703 http fetch GET 200 https://registry.npmjs.org/@webassemblyjs/helper-wasm-bytecode/-/helper-wasm-bytecode-1.13.2.tgz 10224ms (cache miss)
1704 http fetch GET 200 https://registry.npmjs.org/@webassemblyjs/helper-wasm-section/-/helper-wasm-section-1.14.1.tgz 10239ms (cache miss)
1705 http fetch GET 200 https://registry.npmjs.org/@webassemblyjs/helper-buffer/-/helper-buffer-1.14.1.tgz 10239ms (cache miss)
1706 http fetch GET 200 https://registry.npmjs.org/@webassemblyjs/helper-numbers/-/helper-numbers-1.13.2.tgz 10265ms (cache miss)
1707 http fetch GET 200 https://registry.npmjs.org/postcss/-/postcss-8.5.14.tgz 10409ms (cache miss)
1708 http fetch GET 200 https://registry.npmjs.org/@webassemblyjs/wasm-parser/-/wasm-parser-1.14.1.tgz 10286ms (cache miss)
1709 http fetch GET 200 https://registry.npmjs.org/acorn/-/acorn-8.16.0.tgz 10314ms (cache miss)
1710 http fetch GET 200 https://registry.npmjs.org/@webassemblyjs/floating-point-hex-parser/-/floating-point-hex-parser-1.13.2.tgz 10311ms (cache miss)
1711 http fetch GET 200 https://registry.npmjs.org/@webassemblyjs/helper-api-error/-/helper-api-error-1.13.2.tgz 10316ms (cache miss)
1712 http fetch GET 200 https://registry.npmjs.org/@webassemblyjs/leb128/-/leb128-1.13.2.tgz 10394ms (cache miss)
1713 http fetch GET 200 https://registry.npmjs.org/rolldown/-/rolldown-1.0.1.tgz 10551ms (cache miss)
1714 http fetch GET 200 https://registry.npmjs.org/eslint-plugin-react-hooks/-/eslint-plugin-react-hooks-7.1.1.tgz 10475ms (cache miss)
1715 http fetch GET 200 https://registry.npmjs.org/use-callback-ref/-/use-callback-ref-1.3.3.tgz 10670ms (cache miss)
1716 http fetch GET 200 https://registry.npmjs.org/d3-time-format/-/d3-time-format-4.1.0.tgz 10508ms (cache miss)
1717 http fetch GET 200 https://registry.npmjs.org/@vitejs/plugin-react/-/plugin-react-6.0.2.tgz 10476ms (cache miss)
1718 http fetch GET 200 https://registry.npmjs.org/terser/-/terser-5.47.1.tgz 10666ms (cache miss)
1719 http fetch GET 200 https://registry.npmjs.org/react-redux/-/react-redux-9.3.0.tgz 10633ms (cache miss)
1720 http fetch GET 200 https://registry.npmjs.org/@unpic/core/-/core-1.0.3.tgz 10579ms (cache miss)
1721 http fetch GET 200 https://registry.npmjs.org/@typescript-eslint/visitor-keys/-/visitor-keys-8.59.3.tgz 10636ms (cache miss)
1722 http fetch GET 200 https://registry.npmjs.org/enhanced-resolve/-/enhanced-resolve-5.21.3.tgz 10747ms (cache miss)
1723 http fetch GET 200 https://registry.npmjs.org/css-to-react-native/-/css-to-react-native-3.2.0.tgz 10853ms (cache miss)
1724 http fetch GET 200 https://registry.npmjs.org/@typescript-eslint/tsconfig-utils/-/tsconfig-utils-8.59.3.tgz 10838ms (cache miss)
1725 http fetch GET 200 https://registry.npmjs.org/hermes-parser/-/hermes-parser-0.25.1.tgz 10964ms (cache miss)
1726 http fetch GET 200 https://registry.npmjs.org/@typescript-eslint/project-service/-/project-service-8.59.3.tgz 10912ms (cache miss)
1727 http fetch GET 200 https://registry.npmjs.org/@typescript-eslint/parser/-/parser-8.59.3.tgz 10948ms (cache miss)
1728 http fetch GET 200 https://registry.npmjs.org/tsconfig-paths/-/tsconfig-paths-3.15.0.tgz 11205ms (cache miss)
1729 http fetch GET 200 https://registry.npmjs.org/@typescript-eslint/types/-/types-8.59.3.tgz 11019ms (cache miss)
1730 http fetch GET 200 https://registry.npmjs.org/@unrs/resolver-binding-win32-x64-msvc/-/resolver-binding-win32-x64-msvc-1.11.1.tgz 11024ms (cache miss)
1731 http fetch GET 200 https://registry.npmjs.org/fast-glob/-/fast-glob-3.3.1.tgz 11341ms (cache miss)
1732 http fetch GET 200 https://registry.npmjs.org/neo-async/-/neo-async-2.6.2.tgz 11461ms (cache miss)
1733 http fetch GET 200 https://registry.npmjs.org/d3-array/-/d3-array-3.2.4.tgz 11401ms (cache miss)
1734 http fetch GET 200 https://registry.npmjs.org/@types/react-dom/-/react-dom-19.2.3.tgz 11369ms (cache miss)
1735 http fetch GET 200 https://registry.npmjs.org/react-remove-scroll/-/react-remove-scroll-2.7.2.tgz 11545ms (cache miss)
1736 http fetch GET 200 https://registry.npmjs.org/axe-core/-/axe-core-4.11.4.tgz 11438ms (cache miss)
1737 http fetch GET 200 https://registry.npmjs.org/@types/use-sync-external-store/-/use-sync-external-store-0.0.6.tgz 11506ms (cache miss)
1738 http fetch GET 200 https://registry.npmjs.org/@unpic/react/-/react-1.0.2.tgz 11584ms (cache miss)
1739 http fetch GET 200 https://registry.npmjs.org/d3-shape/-/d3-shape-3.2.0.tgz 11628ms (cache miss)
1740 http fetch GET 200 https://registry.npmjs.org/@types/eslint-scope/-/eslint-scope-3.7.7.tgz 11592ms (cache miss)
1741 http fetch GET 200 https://registry.npmjs.org/@webassemblyjs/ast/-/ast-1.14.1.tgz 11614ms (cache miss)
1742 http fetch GET 200 https://registry.npmjs.org/d3-format/-/d3-format-3.1.2.tgz 11676ms (cache miss)
1743 http fetch GET 200 https://registry.npmjs.org/@types/json-schema/-/json-schema-7.0.15.tgz 11691ms (cache miss)
1744 http fetch GET 200 https://registry.npmjs.org/@types/json5/-/json5-0.0.29.tgz 11714ms (cache miss)
1745 http fetch GET 200 https://registry.npmjs.org/@types/react/-/react-19.2.14.tgz 11727ms (cache miss)
1746 http fetch GET 200 https://registry.npmjs.org/@types/estree/-/estree-1.0.9.tgz 11757ms (cache miss)
1747 http fetch GET 200 https://registry.npmjs.org/@types/d3-timer/-/d3-timer-3.0.2.tgz 11764ms (cache miss)
1748 http fetch GET 200 https://registry.npmjs.org/@types/d3-time/-/d3-time-3.0.4.tgz 11789ms (cache miss)
1749 http fetch GET 200 https://registry.npmjs.org/@types/d3-path/-/d3-path-3.1.1.tgz 11870ms (cache miss)
1750 http fetch GET 200 https://registry.npmjs.org/@types/d3-shape/-/d3-shape-3.1.8.tgz 11907ms (cache miss)
1751 http fetch GET 200 https://registry.npmjs.org/@types/d3-scale/-/d3-scale-4.0.9.tgz 11913ms (cache miss)
1752 http fetch GET 200 https://registry.npmjs.org/@types/d3-interpolate/-/d3-interpolate-3.0.4.tgz 11963ms (cache miss)
1753 http fetch GET 200 https://registry.npmjs.org/@types/d3-ease/-/d3-ease-3.0.2.tgz 11978ms (cache miss)
1754 http fetch GET 200 https://registry.npmjs.org/@types/d3-color/-/d3-color-3.1.3.tgz 12011ms (cache miss)
1755 http fetch GET 200 https://registry.npmjs.org/@tailwindcss/oxide/-/oxide-4.2.1.tgz 12076ms (cache miss)
1756 http fetch GET 200 https://registry.npmjs.org/@types/d3-array/-/d3-array-3.2.2.tgz 12087ms (cache miss)
1757 http fetch GET 200 https://registry.npmjs.org/@tailwindcss/postcss/-/postcss-4.2.1.tgz 12088ms (cache miss)
1758 http fetch GET 200 https://registry.npmjs.org/@standard-schema/utils/-/utils-0.3.0.tgz 12121ms (cache miss)
1759 http fetch GET 200 https://registry.npmjs.org/react-dom/-/react-dom-19.2.6.tgz 12306ms (cache miss)
1760 http fetch GET 200 https://registry.npmjs.org/@types/eslint/-/eslint-9.6.1.tgz 12174ms (cache miss)
1761 http fetch GET 200 https://registry.npmjs.org/@standard-schema/spec/-/spec-1.1.0.tgz 12278ms (cache miss)
1762 http fetch GET 200 https://registry.npmjs.org/lightningcss-win32-x64-msvc/-/lightningcss-win32-x64-msvc-1.31.1.tgz 12448ms (cache miss)
1763 http fetch GET 200 https://registry.npmjs.org/@tailwindcss/node/-/node-4.2.1.tgz 12474ms (cache miss)
1764 http fetch GET 200 https://registry.npmjs.org/@rtsao/scc/-/scc-1.1.0.tgz 12492ms (cache miss)
1765 http fetch GET 200 https://registry.npmjs.org/@sindresorhus/is/-/is-7.2.0.tgz 12542ms (cache miss)
1766 http fetch GET 200 https://registry.npmjs.org/@rolldown/pluginutils/-/pluginutils-1.0.1.tgz 12602ms (cache miss)
1767 http fetch GET 200 https://registry.npmjs.org/drizzle-kit/-/drizzle-kit-0.31.10.tgz 12704ms (cache miss)
1768 http fetch GET 200 https://registry.npmjs.org/@shadcn/react/-/react-0.3.0.tgz 12693ms (cache miss)
1769 http fetch GET 200 https://registry.npmjs.org/@typescript-eslint/type-utils/-/type-utils-8.59.3.tgz 12720ms (cache miss)
1770 http fetch GET 200 https://registry.npmjs.org/jsx-ast-utils/-/jsx-ast-utils-3.3.5.tgz 13316ms (cache miss)
1771 http fetch GET 200 https://registry.npmjs.org/es-iterator-helpers/-/es-iterator-helpers-1.3.2.tgz 13270ms (cache miss)
1772 http fetch GET 200 https://registry.npmjs.org/@radix-ui/rect/-/rect-1.1.3.tgz 13316ms (cache miss)
1773 http fetch GET 200 https://registry.npmjs.org/resolve/-/resolve-2.0.0-next.7.tgz 13517ms (cache miss)
1774 http fetch GET 200 https://registry.npmjs.org/@radix-ui/react-visually-hidden/-/react-visually-hidden-1.2.11.tgz 13386ms (cache miss)
1775 http fetch GET 200 https://registry.npmjs.org/@radix-ui/react-use-rect/-/react-use-rect-1.1.4.tgz 13428ms (cache miss)
1776 http fetch GET 200 https://registry.npmjs.org/@tailwindcss/oxide-win32-x64-msvc/-/oxide-win32-x64-msvc-4.2.1.tgz 13465ms (cache miss)
1777 http fetch GET 200 https://registry.npmjs.org/@resvg/resvg-wasm/-/resvg-wasm-2.4.0.tgz 13499ms (cache miss)
1778 http fetch GET 200 https://registry.npmjs.org/@radix-ui/react-use-size/-/react-use-size-1.1.4.tgz 13522ms (cache miss)
1779 http fetch GET 200 https://registry.npmjs.org/@vercel/og/-/og-0.8.6.tgz 13556ms (cache miss)
1780 http fetch GET 200 https://registry.npmjs.org/image-size/-/image-size-2.0.2.tgz 13658ms (cache miss)
1781 http fetch GET 200 https://registry.npmjs.org/@radix-ui/react-use-previous/-/react-use-previous-1.1.4.tgz 13551ms (cache miss)
1782 http fetch GET 200 https://registry.npmjs.org/@radix-ui/react-use-is-hydrated/-/react-use-is-hydrated-0.1.3.tgz 13606ms (cache miss)
1783 http fetch GET 200 https://registry.npmjs.org/@radix-ui/react-use-layout-effect/-/react-use-layout-effect-1.1.4.tgz 13656ms (cache miss)
1784 http fetch GET 200 https://registry.npmjs.org/embla-carousel/-/embla-carousel-8.6.0.tgz 13753ms (cache miss)
1785 http fetch GET 200 https://registry.npmjs.org/@radix-ui/react-use-effect-event/-/react-use-effect-event-0.0.5.tgz 13713ms (cache miss)
1786 http fetch GET 200 https://registry.npmjs.org/@radix-ui/react-use-controllable-state/-/react-use-controllable-state-1.2.6.tgz 13809ms (cache miss)
1787 http fetch GET 200 https://registry.npmjs.org/@radix-ui/react-use-callback-ref/-/react-use-callback-ref-1.1.4.tgz 13866ms (cache miss)
1788 http fetch GET 200 https://registry.npmjs.org/@radix-ui/react-use-escape-keydown/-/react-use-escape-keydown-1.1.5.tgz 13873ms (cache miss)
1789 http fetch GET 200 https://registry.npmjs.org/@types/node/-/node-22.19.19.tgz 13930ms (cache miss)
1790 http fetch GET 200 https://registry.npmjs.org/@typescript-eslint/typescript-estree/-/typescript-estree-8.59.3.tgz 13980ms (cache miss)
1791 http fetch GET 200 https://registry.npmjs.org/@radix-ui/react-toolbar/-/react-toolbar-1.1.19.tgz 13977ms (cache miss)
1792 http fetch GET 200 https://registry.npmjs.org/@radix-ui/react-toggle/-/react-toggle-1.1.18.tgz 13993ms (cache miss)
1793 http fetch GET 200 https://registry.npmjs.org/@radix-ui/react-tooltip/-/react-tooltip-1.2.16.tgz 14030ms (cache miss)
1794 http fetch GET 200 https://registry.npmjs.org/@typescript-eslint/utils/-/utils-8.59.3.tgz 14061ms (cache miss)
1795 http fetch GET 200 https://registry.npmjs.org/@radix-ui/react-toggle-group/-/react-toggle-group-1.1.19.tgz 14129ms (cache miss)
1796 http fetch GET 200 https://registry.npmjs.org/@radix-ui/react-switch/-/react-switch-1.3.7.tgz 14160ms (cache miss)
1797 http fetch GET 200 https://registry.npmjs.org/@radix-ui/react-separator/-/react-separator-1.1.15.tgz 14183ms (cache miss)
1798 http fetch GET 200 https://registry.npmjs.org/@radix-ui/react-tabs/-/react-tabs-1.1.21.tgz 14222ms (cache miss)
1799 http fetch GET 200 https://registry.npmjs.org/@radix-ui/react-toast/-/react-toast-1.2.23.tgz 14244ms (cache miss)
1800 http fetch GET 200 https://registry.npmjs.org/@radix-ui/react-progress/-/react-progress-1.1.16.tgz 14352ms (cache miss)
1801 http fetch GET 200 https://registry.npmjs.org/eslint-plugin-import/-/eslint-plugin-import-2.32.0.tgz 14456ms (cache miss)
1802 http fetch GET 200 https://registry.npmjs.org/@radix-ui/react-slider/-/react-slider-1.4.7.tgz 14383ms (cache miss)
1803 http fetch GET 200 https://registry.npmjs.org/web-vitals/-/web-vitals-4.2.4.tgz 14640ms (cache miss)
1804 http fetch GET 200 https://registry.npmjs.org/@radix-ui/react-select/-/react-select-2.3.7.tgz 14430ms (cache miss)
1805 http fetch GET 200 https://registry.npmjs.org/@radix-ui/react-scroll-area/-/react-scroll-area-1.2.18.tgz 14463ms (cache miss)
1806 http fetch GET 200 https://registry.npmjs.org/@radix-ui/react-radio-group/-/react-radio-group-1.4.7.tgz 14488ms (cache miss)
1807 http fetch GET 200 https://registry.npmjs.org/@radix-ui/react-roving-focus/-/react-roving-focus-1.1.19.tgz 14509ms (cache miss)
1808 http fetch GET 200 https://registry.npmjs.org/@radix-ui/react-presence/-/react-presence-1.1.10.tgz 14508ms (cache miss)
1809 http fetch GET 200 https://registry.npmjs.org/@radix-ui/react-primitive/-/react-primitive-2.1.10.tgz 14513ms (cache miss)
1810 http fetch GET 200 https://registry.npmjs.org/@radix-ui/react-portal/-/react-portal-1.1.17.tgz 14515ms (cache miss)
1811 http fetch GET 200 https://registry.npmjs.org/@radix-ui/react-popover/-/react-popover-1.1.23.tgz 14527ms (cache miss)
1812 http fetch GET 200 https://registry.npmjs.org/@radix-ui/react-popper/-/react-popper-1.3.7.tgz 14613ms (cache miss)
1813 http fetch GET 200 https://registry.npmjs.org/@vitejs/plugin-rsc/-/plugin-rsc-0.5.26.tgz 14714ms (cache miss)
1814 http fetch GET 200 https://registry.npmjs.org/wrangler/-/wrangler-4.92.0.tgz 14941ms (cache miss)
1815 http fetch GET 200 https://registry.npmjs.org/@radix-ui/react-navigation-menu/-/react-navigation-menu-1.2.22.tgz 14731ms (cache miss)
1816 http fetch GET 200 https://registry.npmjs.org/@radix-ui/react-label/-/react-label-2.1.15.tgz 14741ms (cache miss)
1817 http fetch GET 200 https://registry.npmjs.org/@radix-ui/react-id/-/react-id-1.1.4.tgz 14769ms (cache miss)
1818 http fetch GET 200 https://registry.npmjs.org/@radix-ui/react-menu/-/react-menu-2.1.24.tgz 14774ms (cache miss)
1819 http fetch GET 200 https://registry.npmjs.org/@radix-ui/react-focus-guards/-/react-focus-guards-1.1.6.tgz 14846ms (cache miss)
1820 http fetch GET 200 https://registry.npmjs.org/@radix-ui/react-one-time-password-field/-/react-one-time-password-field-0.1.16.tgz 14899ms (cache miss)
1821 http fetch GET 200 https://registry.npmjs.org/@radix-ui/react-direction/-/react-direction-1.1.4.tgz 14974ms (cache miss)
1822 http fetch GET 200 https://registry.npmjs.org/@radix-ui/react-password-toggle-field/-/react-password-toggle-field-0.1.11.tgz 14983ms (cache miss)
1823 http fetch GET 200 https://registry.npmjs.org/@radix-ui/react-form/-/react-form-0.1.16.tgz 14999ms (cache miss)
1824 http fetch GET 200 https://registry.npmjs.org/@radix-ui/react-compose-refs/-/react-compose-refs-1.1.2.tgz 15124ms (cache miss)
1825 http fetch GET 200 https://registry.npmjs.org/@radix-ui/react-focus-scope/-/react-focus-scope-1.1.16.tgz 15133ms (cache miss)
1826 http fetch GET 200 https://registry.npmjs.org/@radix-ui/react-hover-card/-/react-hover-card-1.1.23.tgz 15134ms (cache miss)
1827 http fetch GET 200 https://registry.npmjs.org/@radix-ui/react-context/-/react-context-1.2.2.tgz 15132ms (cache miss)
1828 http fetch GET 200 https://registry.npmjs.org/@radix-ui/react-collapsible/-/react-collapsible-1.1.20.tgz 15192ms (cache miss)
1829 http fetch GET 200 https://registry.npmjs.org/@radix-ui/react-menubar/-/react-menubar-1.1.24.tgz 15225ms (cache miss)
1830 http fetch GET 200 https://registry.npmjs.org/@radix-ui/react-dropdown-menu/-/react-dropdown-menu-2.1.24.tgz 15232ms (cache miss)
1831 http fetch GET 200 https://registry.npmjs.org/@radix-ui/react-aspect-ratio/-/react-aspect-ratio-1.1.15.tgz 15247ms (cache miss)
1832 http fetch GET 200 https://registry.npmjs.org/@radix-ui/react-checkbox/-/react-checkbox-1.3.11.tgz 15252ms (cache miss)
1833 http fetch GET 200 https://registry.npmjs.org/@radix-ui/react-dialog/-/react-dialog-1.1.23.tgz 15258ms (cache miss)
1834 http fetch GET 200 https://registry.npmjs.org/@radix-ui/react-context-menu/-/react-context-menu-2.3.7.tgz 15262ms (cache miss)
1835 http fetch GET 200 https://registry.npmjs.org/@radix-ui/react-accessible-icon/-/react-accessible-icon-1.1.15.tgz 15260ms (cache miss)
1836 http fetch GET 200 https://registry.npmjs.org/@radix-ui/react-dismissable-layer/-/react-dismissable-layer-1.1.19.tgz 15275ms (cache miss)
1837 http fetch GET 200 https://registry.npmjs.org/@radix-ui/react-arrow/-/react-arrow-1.1.15.tgz 15270ms (cache miss)
1838 http fetch GET 200 https://registry.npmjs.org/@poppinss/exception/-/exception-1.2.3.tgz 15300ms (cache miss)
1839 http fetch GET 200 https://registry.npmjs.org/@radix-ui/react-avatar/-/react-avatar-1.2.6.tgz 15309ms (cache miss)
1840 http fetch GET 200 https://registry.npmjs.org/@shuding/opentype.js/-/opentype.js-1.4.0-beta.0.tgz 15375ms (cache miss)
1841 http fetch GET 200 https://registry.npmjs.org/@radix-ui/react-collection/-/react-collection-1.1.15.tgz 15348ms (cache miss)
1842 http fetch GET 200 https://registry.npmjs.org/@oxc-project/types/-/types-0.130.0.tgz 15362ms (cache miss)
1843 http fetch GET 200 https://registry.npmjs.org/@radix-ui/number/-/number-1.1.3.tgz 15377ms (cache miss)
1844 http fetch GET 200 https://registry.npmjs.org/@poppinss/colors/-/colors-4.1.6.tgz 15380ms (cache miss)
1845 http fetch GET 200 https://registry.npmjs.org/@nolyfill/is-core-module/-/is-core-module-1.0.39.tgz 15389ms (cache miss)
1846 http fetch GET 200 https://registry.npmjs.org/@radix-ui/primitive/-/primitive-1.1.7.tgz 15413ms (cache miss)
1847 http fetch GET 200 https://registry.npmjs.org/@radix-ui/react-alert-dialog/-/react-alert-dialog-1.1.23.tgz 15508ms (cache miss)
1848 http fetch GET 200 https://registry.npmjs.org/@radix-ui/react-accordion/-/react-accordion-1.2.20.tgz 15511ms (cache miss)
1849 http fetch GET 200 https://registry.npmjs.org/@nodelib/fs.stat/-/fs.stat-2.0.5.tgz 15512ms (cache miss)
1850 http fetch GET 200 https://registry.npmjs.org/@next/env/-/env-16.2.6.tgz 15511ms (cache miss)
1851 http fetch GET 200 https://registry.npmjs.org/@nodelib/fs.walk/-/fs.walk-1.2.8.tgz 15578ms (cache miss)
1852 http fetch GET 200 https://registry.npmjs.org/@nodelib/fs.scandir/-/fs.scandir-2.1.5.tgz 15586ms (cache miss)
1853 http fetch GET 200 https://registry.npmjs.org/@jridgewell/source-map/-/source-map-0.3.11.tgz 15650ms (cache miss)
1854 http fetch GET 200 https://registry.npmjs.org/@jridgewell/resolve-uri/-/resolve-uri-3.1.2.tgz 15774ms (cache miss)
1855 http fetch GET 200 https://registry.npmjs.org/@img/colour/-/colour-1.1.0.tgz 15814ms (cache miss)
1856 http fetch GET 200 https://registry.npmjs.org/@humanwhocodes/retry/-/retry-0.4.3.tgz 15858ms (cache miss)
1857 http fetch GET 200 https://registry.npmjs.org/@jridgewell/remapping/-/remapping-2.3.5.tgz 15927ms (cache miss)
1858 http fetch GET 200 https://registry.npmjs.org/@humanwhocodes/module-importer/-/module-importer-1.0.1.tgz 15940ms (cache miss)
1859 http fetch GET 200 https://registry.npmjs.org/@humanfs/types/-/types-0.15.0.tgz 15959ms (cache miss)
1860 http fetch GET 200 https://registry.npmjs.org/@floating-ui/react-dom/-/react-dom-2.1.9.tgz 16024ms (cache miss)
1861 http fetch GET 200 https://registry.npmjs.org/@humanfs/core/-/core-0.19.2.tgz 16036ms (cache miss)
1862 http fetch GET 200 https://registry.npmjs.org/@humanfs/node/-/node-0.16.8.tgz 16213ms (cache miss)
1863 http fetch GET 200 https://registry.npmjs.org/@floating-ui/utils/-/utils-0.2.12.tgz 16244ms (cache miss)
1864 http fetch GET 200 https://registry.npmjs.org/@eslint/config-helpers/-/config-helpers-0.4.2.tgz 16349ms (cache miss)
1865 http fetch GET 200 https://registry.npmjs.org/@eslint/js/-/js-9.39.4.tgz 16359ms (cache miss)
1866 http fetch GET 200 https://registry.npmjs.org/@eslint/object-schema/-/object-schema-2.1.7.tgz 16363ms (cache miss)
1867 http fetch GET 200 https://registry.npmjs.org/@esbuild-kit/esm-loader/-/esm-loader-2.6.5.tgz 16554ms (cache miss)
1868 warn deprecated @esbuild-kit/esm-loader@2.6.5: Merged into tsx: https://tsx.is
1869 http fetch GET 200 https://registry.npmjs.org/@poppinss/dumper/-/dumper-0.6.5.tgz 16625ms (cache miss)
1870 http fetch GET 200 https://registry.npmjs.org/@floating-ui/dom/-/dom-1.8.0.tgz 16616ms (cache miss)
1871 http fetch GET 200 https://registry.npmjs.org/@jridgewell/sourcemap-codec/-/sourcemap-codec-1.5.5.tgz 16646ms (cache miss)
1872 http fetch GET 200 https://registry.npmjs.org/@esbuild-kit/core-utils/-/core-utils-3.3.2.tgz 16655ms (cache miss)
1873 http fetch GET 200 https://registry.npmjs.org/@eslint/core/-/core-0.17.0.tgz 16663ms (cache miss)
1874 warn deprecated @esbuild-kit/core-utils@3.3.2: Merged into tsx: https://tsx.is
1875 http fetch GET 200 https://registry.npmjs.org/@floating-ui/core/-/core-1.8.0.tgz 16815ms (cache miss)
1876 http fetch GET 200 https://registry.npmjs.org/@eslint-community/regexpp/-/regexpp-4.12.2.tgz 17069ms (cache miss)
1877 http fetch GET 200 https://registry.npmjs.org/@eslint/plugin-kit/-/plugin-kit-0.4.1.tgz 17085ms (cache miss)
1878 http fetch GET 200 https://registry.npmjs.org/@cspotcode/source-map-support/-/source-map-support-0.8.1.tgz 17232ms (cache miss)
1879 http fetch GET 200 https://registry.npmjs.org/@eslint-community/eslint-utils/-/eslint-utils-4.9.1.tgz 17341ms (cache miss)
1880 http fetch GET 200 https://registry.npmjs.org/@cloudflare/unenv-preset/-/unenv-preset-2.16.1.tgz 17336ms (cache miss)
1881 http fetch GET 200 https://registry.npmjs.org/@drizzle-team/brocli/-/brocli-0.10.2.tgz 17365ms (cache miss)
1882 http fetch GET 200 https://registry.npmjs.org/axobject-query/-/axobject-query-4.1.0.tgz 17736ms (cache miss)
1883 http fetch GET 200 https://registry.npmjs.org/@cloudflare/kv-asset-handler/-/kv-asset-handler-0.5.0.tgz 17645ms (cache miss)
1884 http fetch GET 200 https://registry.npmjs.org/@jridgewell/gen-mapping/-/gen-mapping-0.3.13.tgz 17791ms (cache miss)
1885 http fetch GET 200 https://registry.npmjs.org/radix-ui/-/radix-ui-1.6.7.tgz 18192ms (cache miss)
1886 http fetch GET 200 https://registry.npmjs.org/@babel/helper-validator-identifier/-/helper-validator-identifier-7.28.5.tgz 18507ms (cache miss)
1887 http fetch GET 200 https://registry.npmjs.org/@eslint/config-array/-/config-array-0.21.2.tgz 18578ms (cache miss)
1888 http fetch GET 200 https://registry.npmjs.org/@babel/helper-validator-option/-/helper-validator-option-7.27.1.tgz 18580ms (cache miss)
1889 http fetch GET 200 https://registry.npmjs.org/@babel/helper-globals/-/helper-globals-7.28.0.tgz 18603ms (cache miss)
1890 http fetch GET 200 https://registry.npmjs.org/@babel/helper-string-parser/-/helper-string-parser-7.27.1.tgz 18808ms (cache miss)
1891 http fetch GET 200 https://registry.npmjs.org/@babel/compat-data/-/compat-data-7.29.3.tgz 19194ms (cache miss)
1892 http fetch GET 200 https://registry.npmjs.org/@alloc/quick-lru/-/quick-lru-5.2.0.tgz 20025ms (cache miss)
1893 http fetch GET 200 https://registry.npmjs.org/@babel/code-frame/-/code-frame-7.29.0.tgz 20644ms (cache miss)
1894 http fetch GET 200 https://registry.npmjs.org/glob-parent/-/glob-parent-5.1.2.tgz 20645ms (cache miss)
1895 http fetch GET 200 https://registry.npmjs.org/estraverse/-/estraverse-4.3.0.tgz 20645ms (cache miss)
1896 http fetch GET 200 https://registry.npmjs.org/fdir/-/fdir-6.5.0.tgz 20896ms (cache miss)
1897 http fetch GET 200 https://registry.npmjs.org/js-tokens/-/js-tokens-9.0.1.tgz 21009ms (cache miss)
1898 http fetch GET 200 https://registry.npmjs.org/@babel/helper-module-imports/-/helper-module-imports-7.28.6.tgz 21363ms (cache miss)
1899 http fetch GET 200 https://registry.npmjs.org/supports-color/-/supports-color-8.1.1.tgz 21368ms (cache miss)
1900 http fetch GET 200 https://registry.npmjs.org/@radix-ui/react-slot/-/react-slot-1.3.3.tgz 21403ms (cache miss)
1901 http fetch GET 200 https://registry.npmjs.org/esbuild/-/esbuild-0.27.3.tgz 21420ms (cache miss)
1902 http fetch GET 200 https://registry.npmjs.org/glob-parent/-/glob-parent-5.1.2.tgz 21417ms (cache miss)
1903 http fetch GET 200 https://registry.npmjs.org/@radix-ui/react-compose-refs/-/react-compose-refs-1.1.5.tgz 21421ms (cache miss)
1904 http fetch GET 200 https://registry.npmjs.org/json-schema-traverse/-/json-schema-traverse-0.4.1.tgz 21513ms (cache miss)
1905 http fetch GET 200 https://registry.npmjs.org/brace-expansion/-/brace-expansion-5.0.6.tgz 21519ms (cache miss)
1906 http fetch GET 200 https://registry.npmjs.org/@rolldown/pluginutils/-/pluginutils-1.0.0-rc.18.tgz 21557ms (cache miss)
1907 http fetch GET 200 https://registry.npmjs.org/eslint-visitor-keys/-/eslint-visitor-keys-5.0.1.tgz 21578ms (cache miss)
1908 http fetch GET 200 https://registry.npmjs.org/balanced-match/-/balanced-match-4.0.4.tgz 21605ms (cache miss)
1909 http fetch GET 200 https://registry.npmjs.org/@radix-ui/react-slot/-/react-slot-1.3.3.tgz 21616ms (cache miss)
1910 http fetch GET 200 https://registry.npmjs.org/es-module-lexer/-/es-module-lexer-1.7.0.tgz 21635ms (cache miss)
1911 http fetch GET 200 https://registry.npmjs.org/@jridgewell/trace-mapping/-/trace-mapping-0.3.31.tgz 21672ms (cache miss)
1912 http fetch GET 200 https://registry.npmjs.org/undici/-/undici-7.24.8.tgz 21944ms (cache miss)
1913 http fetch GET 200 https://registry.npmjs.org/@radix-ui/react-compose-refs/-/react-compose-refs-1.1.5.tgz 21675ms (cache miss)
1914 http fetch GET 200 https://registry.npmjs.org/@radix-ui/react-compose-refs/-/react-compose-refs-1.1.5.tgz 21676ms (cache miss)
1915 http fetch GET 200 https://registry.npmjs.org/@radix-ui/react-compose-refs/-/react-compose-refs-1.1.5.tgz 21675ms (cache miss)
1916 http fetch GET 200 https://registry.npmjs.org/ignore/-/ignore-7.0.5.tgz 21681ms (cache miss)
1917 http fetch GET 200 https://registry.npmjs.org/@babel/template/-/template-7.28.6.tgz 21753ms (cache miss)
1918 http fetch GET 200 https://registry.npmjs.org/globals/-/globals-16.4.0.tgz 21749ms (cache miss)
1919 http fetch GET 200 https://registry.npmjs.org/@radix-ui/react-compose-refs/-/react-compose-refs-1.1.5.tgz 21795ms (cache miss)
1920 http fetch GET 200 https://registry.npmjs.org/eslint-scope/-/eslint-scope-5.1.1.tgz 21878ms (cache miss)
1921 http fetch GET 200 https://registry.npmjs.org/picomatch/-/picomatch-4.0.4.tgz 21886ms (cache miss)
1922 http fetch GET 200 https://registry.npmjs.org/picomatch/-/picomatch-4.0.4.tgz 21887ms (cache miss)
1923 http fetch GET 200 https://registry.npmjs.org/esbuild/-/esbuild-0.25.12.tgz 21887ms (cache miss)
1924 http fetch GET 200 https://registry.npmjs.org/debug/-/debug-3.2.7.tgz 21890ms (cache miss)
1925 http fetch GET 200 https://registry.npmjs.org/@radix-ui/react-compose-refs/-/react-compose-refs-1.1.5.tgz 21895ms (cache miss)
1926 http fetch GET 200 https://registry.npmjs.org/@radix-ui/react-compose-refs/-/react-compose-refs-1.1.5.tgz 21898ms (cache miss)
1927 http fetch GET 200 https://registry.npmjs.org/@radix-ui/react-compose-refs/-/react-compose-refs-1.1.5.tgz 21901ms (cache miss)
1928 http fetch GET 200 https://registry.npmjs.org/@radix-ui/react-compose-refs/-/react-compose-refs-1.1.5.tgz 21900ms (cache miss)
1929 http fetch GET 200 https://registry.npmjs.org/@radix-ui/react-compose-refs/-/react-compose-refs-1.1.5.tgz 21900ms (cache miss)
1930 http fetch GET 200 https://registry.npmjs.org/debug/-/debug-3.2.7.tgz 21916ms (cache miss)
1931 http fetch GET 200 https://registry.npmjs.org/debug/-/debug-3.2.7.tgz 21918ms (cache miss)
1932 http fetch GET 200 https://registry.npmjs.org/@radix-ui/react-slot/-/react-slot-1.3.3.tgz 21925ms (cache miss)
1933 http fetch GET 200 https://registry.npmjs.org/@radix-ui/react-compose-refs/-/react-compose-refs-1.1.5.tgz 21955ms (cache miss)
1934 http fetch GET 200 https://registry.npmjs.org/json5/-/json5-1.0.2.tgz 22003ms (cache miss)
1935 http fetch GET 200 https://registry.npmjs.org/@babel/helper-module-transforms/-/helper-module-transforms-7.28.6.tgz 22021ms (cache miss)
1936 http fetch GET 200 https://registry.npmjs.org/@babel/helper-compilation-targets/-/helper-compilation-targets-7.28.6.tgz 22021ms (cache miss)
1937 http fetch GET 200 https://registry.npmjs.org/@radix-ui/react-compose-refs/-/react-compose-refs-1.1.5.tgz 22014ms (cache miss)
1938 http fetch GET 200 https://registry.npmjs.org/@radix-ui/react-compose-refs/-/react-compose-refs-1.1.5.tgz 22016ms (cache miss)
1939 http fetch GET 200 https://registry.npmjs.org/@radix-ui/react-compose-refs/-/react-compose-refs-1.1.5.tgz 22015ms (cache miss)
1940 http fetch GET 200 https://registry.npmjs.org/@radix-ui/react-compose-refs/-/react-compose-refs-1.1.5.tgz 22016ms (cache miss)
1941 http fetch GET 200 https://registry.npmjs.org/@radix-ui/react-compose-refs/-/react-compose-refs-1.1.5.tgz 22020ms (cache miss)
1942 http fetch GET 200 https://registry.npmjs.org/@radix-ui/react-compose-refs/-/react-compose-refs-1.1.5.tgz 22020ms (cache miss)
1943 http fetch GET 200 https://registry.npmjs.org/@radix-ui/react-compose-refs/-/react-compose-refs-1.1.5.tgz 22061ms (cache miss)
1944 http fetch GET 200 https://registry.npmjs.org/@radix-ui/react-compose-refs/-/react-compose-refs-1.1.5.tgz 22062ms (cache miss)
1945 http fetch GET 200 https://registry.npmjs.org/@radix-ui/react-slot/-/react-slot-1.3.3.tgz 22115ms (cache miss)
1946 http fetch GET 200 https://registry.npmjs.org/@radix-ui/react-compose-refs/-/react-compose-refs-1.1.5.tgz 22191ms (cache miss)
1947 http fetch GET 200 https://registry.npmjs.org/@radix-ui/react-compose-refs/-/react-compose-refs-1.1.5.tgz 22193ms (cache miss)
1948 http fetch GET 200 https://registry.npmjs.org/@radix-ui/react-compose-refs/-/react-compose-refs-1.1.5.tgz 22198ms (cache miss)
1949 http fetch GET 200 https://registry.npmjs.org/@radix-ui/react-slot/-/react-slot-1.3.3.tgz 22230ms (cache miss)
1950 http fetch GET 200 https://registry.npmjs.org/@radix-ui/react-slot/-/react-slot-1.3.3.tgz 22233ms (cache miss)
1951 http fetch GET 200 https://registry.npmjs.org/blake3-wasm/-/blake3-wasm-2.1.5.tgz 22383ms (cache miss)
1952 http fetch GET 200 https://registry.npmjs.org/@radix-ui/react-compose-refs/-/react-compose-refs-1.1.5.tgz 22246ms (cache miss)
1953 http fetch GET 200 https://registry.npmjs.org/@radix-ui/react-compose-refs/-/react-compose-refs-1.1.5.tgz 22252ms (cache miss)
1954 http fetch GET 200 https://registry.npmjs.org/@radix-ui/react-compose-refs/-/react-compose-refs-1.1.5.tgz 22252ms (cache miss)
1955 http fetch GET 200 https://registry.npmjs.org/supports-color/-/supports-color-10.2.2.tgz 22374ms (cache miss)
1956 http fetch GET 200 https://registry.npmjs.org/@radix-ui/react-compose-refs/-/react-compose-refs-1.1.5.tgz 22391ms (cache miss)
1957 http fetch GET 200 https://registry.npmjs.org/@radix-ui/react-compose-refs/-/react-compose-refs-1.1.5.tgz 22392ms (cache miss)
1958 http fetch GET 200 https://registry.npmjs.org/@date-fns/tz/-/tz-1.5.0.tgz 22467ms (cache miss)
1959 http fetch GET 200 https://registry.npmjs.org/@radix-ui/react-compose-refs/-/react-compose-refs-1.1.5.tgz 22446ms (cache miss)
1960 http fetch GET 200 https://registry.npmjs.org/eslint-visitor-keys/-/eslint-visitor-keys-3.4.3.tgz 22449ms (cache miss)
1961 http fetch GET 200 https://registry.npmjs.org/json-schema-traverse/-/json-schema-traverse-0.4.1.tgz 22456ms (cache miss)
1962 http fetch GET 200 https://registry.npmjs.org/@radix-ui/react-slot/-/react-slot-1.3.3.tgz 22565ms (cache miss)
1963 http fetch GET 200 https://registry.npmjs.org/@eslint/eslintrc/-/eslintrc-3.3.5.tgz 22606ms (cache miss)
1964 http fetch GET 200 https://registry.npmjs.org/@radix-ui/react-slot/-/react-slot-1.3.3.tgz 22607ms (cache miss)
1965 http fetch GET 200 https://registry.npmjs.org/lightningcss/-/lightningcss-1.32.0.tgz 22697ms (cache miss)
1966 http fetch GET 200 https://registry.npmjs.org/esbuild/-/esbuild-0.18.20.tgz 22670ms (cache miss)
1967 http fetch GET 200 https://registry.npmjs.org/@babel/parser/-/parser-7.29.3.tgz 22772ms (cache miss)
1968 http fetch GET 200 https://registry.npmjs.org/@next/eslint-plugin-next/-/eslint-plugin-next-16.2.6.tgz 23009ms (cache miss)
1969 http fetch GET 200 https://registry.npmjs.org/react-hook-form/-/react-hook-form-7.85.0.tgz 23227ms (cache miss)
1970 http fetch GET 200 https://registry.npmjs.org/@jridgewell/trace-mapping/-/trace-mapping-0.3.9.tgz 23334ms (cache miss)
1971 http fetch GET 200 https://registry.npmjs.org/reselect/-/reselect-5.1.1.tgz 23545ms (cache miss)
1972 http fetch GET 200 https://registry.npmjs.org/immer/-/immer-11.1.16.tgz 23919ms (cache miss)
1973 http fetch GET 200 https://registry.npmjs.org/semver/-/semver-7.8.0.tgz 23933ms (cache miss)
1974 http fetch GET 200 https://registry.npmjs.org/semver/-/semver-7.8.0.tgz 23936ms (cache miss)
1975 http fetch GET 200 https://registry.npmjs.org/@babel/generator/-/generator-7.29.1.tgz 24005ms (cache miss)
1976 http fetch GET 200 https://registry.npmjs.org/semver/-/semver-7.8.0.tgz 24034ms (cache miss)
1977 http fetch GET 200 https://registry.npmjs.org/postcss/-/postcss-8.4.31.tgz 24047ms (cache miss)
1978 http fetch GET 200 https://registry.npmjs.org/aria-query/-/aria-query-5.3.2.tgz 24225ms (cache miss)
1979 http fetch GET 200 https://registry.npmjs.org/@cloudflare/vite-plugin/-/vite-plugin-1.37.1.tgz 24344ms (cache miss)
1980 http fetch GET 200 https://registry.npmjs.org/fast-glob/-/fast-glob-3.3.3.tgz 24417ms (cache miss)
1981 http fetch GET 200 https://registry.npmjs.org/eslint-plugin-jsx-a11y/-/eslint-plugin-jsx-a11y-6.10.2.tgz 24625ms (cache miss)
1982 http fetch GET 200 https://registry.npmjs.org/minimatch/-/minimatch-10.2.5.tgz 24509ms (cache miss)
1983 http fetch GET 200 https://registry.npmjs.org/@babel/traverse/-/traverse-7.29.0.tgz 24544ms (cache miss)
1984 http fetch GET 200 https://registry.npmjs.org/typescript/-/typescript-5.9.3.tgz 26021ms (cache miss)
1985 http fetch GET 200 https://registry.npmjs.org/lightningcss-win32-x64-msvc/-/lightningcss-win32-x64-msvc-1.32.0.tgz 26171ms (cache miss)
1986 http fetch GET 200 https://registry.npmjs.org/@rolldown/binding-win32-x64-msvc/-/binding-win32-x64-msvc-1.0.1.tgz 26338ms (cache miss)
1987 http fetch GET 200 https://registry.npmjs.org/@esbuild/win32-x64/-/win32-x64-0.28.0.tgz 26317ms (cache miss)
1988 http fetch GET 200 https://registry.npmjs.org/ajv/-/ajv-6.15.0.tgz 26420ms (cache miss)
1989 http fetch GET 200 https://registry.npmjs.org/@esbuild/win32-x64/-/win32-x64-0.18.20.tgz 26397ms (cache miss)
1990 http fetch GET 200 https://registry.npmjs.org/@esbuild/win32-x64/-/win32-x64-0.25.12.tgz 26547ms (cache miss)
1991 http fetch GET 200 https://registry.npmjs.org/@esbuild/win32-x64/-/win32-x64-0.27.3.tgz 26647ms (cache miss)
1992 http fetch GET 200 https://registry.npmjs.org/ajv/-/ajv-6.15.0.tgz 26625ms (cache miss)
1993 http fetch GET 200 https://registry.npmjs.org/@cloudflare/workers-types/-/workers-types-4.20260515.1.tgz 26697ms (cache miss)
1994 http fetch GET 200 https://registry.npmjs.org/@base-ui/utils/-/utils-0.3.2.tgz 26752ms (cache miss)
1995 http fetch GET 200 https://registry.npmjs.org/@babel/core/-/core-7.29.0.tgz 27287ms (cache miss)
1996 http fetch GET 200 https://registry.npmjs.org/@reduxjs/toolkit/-/toolkit-2.12.0.tgz 27518ms (cache miss)
1997 http fetch GET 200 https://registry.npmjs.org/miniflare/-/miniflare-4.20260515.0.tgz 27670ms (cache miss)
1998 http fetch GET 200 https://registry.npmjs.org/victory-vendor/-/victory-vendor-37.3.6.tgz 27794ms (cache miss)
1999 http fetch GET 200 https://registry.npmjs.org/@img/sharp-win32-x64/-/sharp-win32-x64-0.34.5.tgz 27919ms (cache miss)
2000 http fetch GET 200 https://registry.npmjs.org/ajv-keywords/-/ajv-keywords-5.1.0.tgz 27901ms (cache miss)
2001 http fetch GET 200 https://registry.npmjs.org/@speed-highlight/core/-/core-1.2.15.tgz 28111ms (cache miss)
2002 http fetch GET 200 https://registry.npmjs.org/@babel/types/-/types-7.29.0.tgz 28348ms (cache miss)
2003 http fetch GET 200 https://registry.npmjs.org/@typescript-eslint/scope-manager/-/scope-manager-8.59.3.tgz 28612ms (cache miss)
2004 http fetch GET 200 https://registry.npmjs.org/eslint-plugin-react/-/eslint-plugin-react-7.37.5.tgz 28713ms (cache miss)
2005 http fetch GET 200 https://registry.npmjs.org/@babel/runtime/-/runtime-7.29.7.tgz 28604ms (cache miss)
2006 http fetch GET 200 https://registry.npmjs.org/@babel/helpers/-/helpers-7.29.2.tgz 29081ms (cache miss)
2007 http fetch GET 200 https://registry.npmjs.org/eslint/-/eslint-9.39.4.tgz 29406ms (cache miss)
2008 http fetch GET 200 https://registry.npmjs.org/@swc/helpers/-/helpers-0.5.15.tgz 29381ms (cache miss)
2009 http fetch GET 200 https://registry.npmjs.org/unenv/-/unenv-2.0.0-rc.24.tgz 29750ms (cache miss)
2010 http fetch GET 200 https://registry.npmjs.org/unpic/-/unpic-4.2.2.tgz 29846ms (cache miss)
2011 http fetch GET 200 https://registry.npmjs.org/ajv/-/ajv-8.20.0.tgz 30833ms (cache miss)
2012 http fetch GET 200 https://registry.npmjs.org/@typescript-eslint/eslint-plugin/-/eslint-plugin-8.59.3.tgz 31354ms (cache miss)
2013 http fetch GET 200 https://registry.npmjs.org/@hookform/resolvers/-/resolvers-5.7.1.tgz 31326ms (cache miss)
2014 http fetch GET 200 https://registry.npmjs.org/@vinext/types/-/types-1.0.0-beta.2.tgz 31479ms (cache miss)
2015 http fetch GET 200 https://registry.npmjs.org/zod/-/zod-3.25.76.tgz 31758ms (cache miss)
2016 http fetch GET 200 https://registry.npmjs.org/webpack/-/webpack-5.106.2.tgz 32022ms (cache miss)
2017 http fetch GET 200 https://registry.npmjs.org/caniuse-lite/-/caniuse-lite-1.0.30001793.tgz 32768ms (cache miss)
2018 http fetch GET 200 https://registry.npmjs.org/@cloudflare/workerd-windows-64/-/workerd-windows-64-1.20260515.1.tgz 32680ms (cache miss)
2019 http fetch GET 200 https://registry.npmjs.org/recharts/-/recharts-3.8.0.tgz 33015ms (cache miss)
2020 http fetch GET 200 https://registry.npmjs.org/vinext/-/vinext-1.0.0-beta.5.tgz 33389ms (cache miss)
2021 http fetch GET 200 https://registry.npmjs.org/react-day-picker/-/react-day-picker-10.0.1.tgz 33476ms (cache miss)
2022 http fetch GET 200 https://registry.npmjs.org/@next/swc-win32-x64-msvc/-/swc-win32-x64-msvc-16.2.6.tgz 33807ms (cache miss)
2023 http fetch GET 200 https://registry.npmjs.org/es-abstract/-/es-abstract-1.24.2.tgz 37073ms (cache miss)
2024 http fetch GET 200 https://registry.npmjs.org/drizzle-orm/-/drizzle-orm-0.45.2.tgz 38781ms (cache miss)
2025 http fetch GET 200 https://registry.npmjs.org/@base-ui/react/-/react-1.7.0.tgz 41347ms (cache miss)
2026 http fetch GET 200 https://registry.npmjs.org/es-toolkit/-/es-toolkit-1.50.0.tgz 43554ms (cache miss)
2027 http fetch GET 200 https://registry.npmjs.org/date-fns/-/date-fns-4.4.0.tgz 44754ms (cache miss)
2028 http fetch GET 200 https://registry.npmjs.org/lucide-react/-/lucide-react-1.31.0.tgz 46074ms (cache miss)
2029 http fetch GET 200 https://registry.npmjs.org/next/-/next-16.2.6.tgz 58483ms (cache miss)
2030 info run sharp@0.34.5 install node_modules/sharp node install/check.js || npm run build
2031 info run sharp@0.34.5 install { code: 0, signal: null }
2032 info run esbuild@0.28.0 postinstall node_modules/esbuild node install.js
2033 info run unrs-resolver@1.11.1 postinstall node_modules/unrs-resolver napi-postinstall unrs-resolver 1.11.1 check
2034 info run workerd@1.20260515.1 postinstall node_modules/workerd node install.js
2035 info run esbuild@0.18.20 postinstall node_modules/@esbuild-kit/core-utils/node_modules/esbuild node install.js
2036 info run esbuild@0.25.12 postinstall node_modules/drizzle-kit/node_modules/esbuild node install.js
2037 info run esbuild@0.27.3 postinstall node_modules/wrangler/node_modules/esbuild node install.js
2038 info run unrs-resolver@1.11.1 postinstall { code: 0, signal: null }
2039 info run esbuild@0.28.0 postinstall { code: 0, signal: null }
2040 info run esbuild@0.18.20 postinstall { code: 0, signal: null }
2041 info run esbuild@0.25.12 postinstall { code: 0, signal: null }
2042 info run esbuild@0.27.3 postinstall { code: 0, signal: null }
2043 info run workerd@1.20260515.1 postinstall { code: 0, signal: null }
2044 silly ADD node_modules/zod-validation-error
2045 silly ADD node_modules/zod
2046 silly ADD node_modules/youch-core
2047 silly ADD node_modules/youch
2048 silly ADD node_modules/yoga-layout
2049 silly ADD node_modules/yocto-queue
2050 silly ADD node_modules/yallist
2051 silly ADD node_modules/ws
2052 silly ADD node_modules/wrangler
2053 silly ADD node_modules/wrangler/node_modules/esbuild
2054 silly ADD node_modules/wrangler/node_modules/@esbuild/win32-x64
2055 silly ADD node_modules/workerd
2056 silly ADD node_modules/word-wrap
2057 silly ADD node_modules/which-typed-array
2058 silly ADD node_modules/which-collection
2059 silly ADD node_modules/which-builtin-type
2060 silly ADD node_modules/which-boxed-primitive
2061 silly ADD node_modules/which
2062 silly ADD node_modules/webpack-sources
2063 silly ADD node_modules/webpack
2064 silly ADD node_modules/webpack/node_modules/estraverse
2065 silly ADD node_modules/webpack/node_modules/eslint-scope
2066 silly ADD node_modules/web-vitals
2067 silly ADD node_modules/watchpack
2068 silly ADD node_modules/vitefu
2069 silly ADD node_modules/vite-plugin-dynamic-import
2070 silly ADD node_modules/vite-plugin-dynamic-import/node_modules/glob-parent
2071 silly ADD node_modules/vite-plugin-dynamic-import/node_modules/fast-glob
2072 silly ADD node_modules/vite-plugin-dynamic-import/node_modules/es-module-lexer
2073 silly ADD node_modules/vite-plugin-commonjs
2074 silly ADD node_modules/vite
2075 silly ADD node_modules/vite/node_modules/picomatch
2076 silly ADD node_modules/vite/node_modules/lightningcss-win32-x64-msvc
2077 silly ADD node_modules/vite/node_modules/lightningcss
2078 silly ADD node_modules/vinext
2079 silly ADD node_modules/victory-vendor
2080 silly ADD node_modules/vaul
2081 silly ADD node_modules/use-sync-external-store
2082 silly ADD node_modules/use-sidecar
2083 silly ADD node_modules/use-callback-ref
2084 silly ADD node_modules/uri-js
2085 silly ADD node_modules/update-browserslist-db
2086 silly ADD node_modules/unrs-resolver
2087 silly ADD node_modules/unpic
2088 silly ADD node_modules/unicode-trie
2089 silly ADD node_modules/unenv
2090 silly ADD node_modules/undici-types
2091 silly ADD node_modules/undici
2092 silly ADD node_modules/unbox-primitive
2093 silly ADD node_modules/typescript-eslint
2094 silly ADD node_modules/typescript
2095 silly ADD node_modules/typed-array-length
2096 silly ADD node_modules/typed-array-byte-offset
2097 silly ADD node_modules/typed-array-byte-length
2098 silly ADD node_modules/typed-array-buffer
2099 silly ADD node_modules/type-check
2100 silly ADD node_modules/tw-animate-css
2101 silly ADD node_modules/turbo-stream
2102 silly ADD node_modules/tsx
2103 silly ADD node_modules/tslib
2104 silly ADD node_modules/tsconfig-paths
2105 silly ADD node_modules/tsconfig-paths/node_modules/json5
2106 silly ADD node_modules/ts-api-utils
2107 silly ADD node_modules/to-regex-range
2108 silly ADD node_modules/tinyglobby
2109 silly ADD node_modules/tinyglobby/node_modules/picomatch
2110 silly ADD node_modules/tinyglobby/node_modules/fdir
2111 silly ADD node_modules/tiny-invariant
2112 silly ADD node_modules/tiny-inflate
2113 silly ADD node_modules/terser-webpack-plugin
2114 silly ADD node_modules/terser
2115 silly ADD node_modules/tapable
2116 silly ADD node_modules/tailwindcss
2117 silly ADD node_modules/tailwind-merge
2118 silly ADD node_modules/supports-preserve-symlinks-flag
2119 silly ADD node_modules/supports-color
2120 silly ADD node_modules/styled-jsx
2121 silly ADD node_modules/strip-literal
2122 silly ADD node_modules/strip-literal/node_modules/js-tokens
2123 silly ADD node_modules/strip-json-comments
2124 silly ADD node_modules/strip-bom
2125 silly ADD node_modules/string.prototype.trimstart
2126 silly ADD node_modules/string.prototype.trimend
2127 silly ADD node_modules/string.prototype.trim
2128 silly ADD node_modules/string.prototype.repeat
2129 silly ADD node_modules/string.prototype.matchall
2130 silly ADD node_modules/string.prototype.includes
2131 silly ADD node_modules/string.prototype.codepointat
2132 silly ADD node_modules/stop-iteration-iterator
2133 silly ADD node_modules/stable-hash
2134 silly ADD node_modules/srvx
2135 silly ADD node_modules/source-map-support
2136 silly ADD node_modules/source-map-js
2137 silly ADD node_modules/source-map
2138 silly ADD node_modules/sonner
2139 silly ADD node_modules/side-channel-weakmap
2140 silly ADD node_modules/side-channel-map
2141 silly ADD node_modules/side-channel-list
2142 silly ADD node_modules/side-channel
2143 silly ADD node_modules/shebang-regex
2144 silly ADD node_modules/shebang-command
2145 silly ADD node_modules/sharp
2146 silly ADD node_modules/sharp/node_modules/semver
2147 silly ADD node_modules/set-proto
2148 silly ADD node_modules/set-function-name
2149 silly ADD node_modules/set-function-length
2150 silly ADD node_modules/semver
2151 silly ADD node_modules/schema-utils
2152 silly ADD node_modules/schema-utils/node_modules/ajv-keywords
2153 silly ADD node_modules/scheduler
2154 silly ADD node_modules/satori
2155 silly ADD node_modules/safe-regex-test
2156 silly ADD node_modules/safe-push-apply
2157 silly ADD node_modules/safe-array-concat
2158 silly ADD node_modules/run-parallel
2159 silly ADD node_modules/rolldown
2160 silly ADD node_modules/reusify
2161 silly ADD node_modules/resolve-pkg-maps
2162 silly ADD node_modules/resolve-from
2163 silly ADD node_modules/resolve
2164 silly ADD node_modules/reselect
2165 silly ADD node_modules/require-from-string
2166 silly ADD node_modules/regexp.prototype.flags
2167 silly ADD node_modules/reflect.getprototypeof
2168 silly ADD node_modules/redux-thunk
2169 silly ADD node_modules/redux
2170 silly ADD node_modules/recharts
2171 silly ADD node_modules/recharts/node_modules/reselect
2172 silly ADD node_modules/react-style-singleton
2173 silly ADD node_modules/react-server-dom-webpack
2174 silly ADD node_modules/react-resizable-panels
2175 silly ADD node_modules/react-remove-scroll-bar
2176 silly ADD node_modules/react-remove-scroll
2177 silly ADD node_modules/react-redux
2178 silly ADD node_modules/react-is
2179 silly ADD node_modules/react-hook-form
2180 silly ADD node_modules/react-dom
2181 silly ADD node_modules/react-day-picker
2182 silly ADD node_modules/react
2183 silly ADD node_modules/radix-ui
2184 silly ADD node_modules/radix-ui/node_modules/@radix-ui/react-slot
2185 silly ADD node_modules/radix-ui/node_modules/@radix-ui/react-compose-refs
2186 silly ADD node_modules/queue-microtask
2187 silly ADD node_modules/punycode
2188 silly ADD node_modules/prop-types
2189 silly ADD node_modules/prelude-ls
2190 silly ADD node_modules/postcss-value-parser
2191 silly ADD node_modules/postcss
2192 silly ADD node_modules/possible-typed-array-names
2193 silly ADD node_modules/picomatch
2194 silly ADD node_modules/picocolors
2195 silly ADD node_modules/pathe
2196 silly ADD node_modules/path-to-regexp
2197 silly ADD node_modules/path-parse
2198 silly ADD node_modules/path-key
2199 silly ADD node_modules/path-exists
2200 silly ADD node_modules/parse-css-color
2201 silly ADD node_modules/parent-module
2202 silly ADD node_modules/pako
2203 silly ADD node_modules/p-locate
2204 silly ADD node_modules/p-limit
2205 silly ADD node_modules/own-keys
2206 silly ADD node_modules/optionator
2207 silly ADD node_modules/object.values
2208 silly ADD node_modules/object.groupby
2209 silly ADD node_modules/object.fromentries
2210 silly ADD node_modules/object.entries
2211 silly ADD node_modules/object.assign
2212 silly ADD node_modules/object-keys
2213 silly ADD node_modules/object-inspect
2214 silly ADD node_modules/object-assign
2215 silly ADD node_modules/node-releases
2216 silly ADD node_modules/node-exports-info
2217 silly ADD node_modules/next-themes
2218 silly ADD node_modules/next
2219 silly ADD node_modules/next/node_modules/postcss
2220 silly ADD node_modules/neo-async
2221 silly ADD node_modules/natural-compare
2222 silly ADD node_modules/napi-postinstall
2223 silly ADD node_modules/nanoid
2224 silly ADD node_modules/ms
2225 silly ADD node_modules/minimist
2226 silly ADD node_modules/minimatch
2227 silly ADD node_modules/miniflare
2228 silly ADD node_modules/mime-db
2229 silly ADD node_modules/micromatch
2230 silly ADD node_modules/merge2
2231 silly ADD node_modules/merge-stream
2232 silly ADD node_modules/math-intrinsics
2233 silly ADD node_modules/magic-string
2234 silly ADD node_modules/lucide-react
2235 silly ADD node_modules/lru-cache
2236 silly ADD node_modules/loose-envify
2237 silly ADD node_modules/lodash.merge
2238 silly ADD node_modules/locate-path
2239 silly ADD node_modules/loader-runner
2240 silly ADD node_modules/linebreak
2241 silly ADD node_modules/lightningcss-win32-x64-msvc
2242 silly ADD node_modules/lightningcss
2243 silly ADD node_modules/levn
2244 silly ADD node_modules/language-tags
2245 silly ADD node_modules/language-subtag-registry
2246 silly ADD node_modules/kleur
2247 silly ADD node_modules/keyv
2248 silly ADD node_modules/jsx-ast-utils
2249 silly ADD node_modules/json5
2250 silly ADD node_modules/json-stable-stringify-without-jsonify
2251 silly ADD node_modules/json-schema-traverse
2252 silly ADD node_modules/json-buffer
2253 silly ADD node_modules/jsesc
2254 silly ADD node_modules/js-yaml
2255 silly ADD node_modules/js-tokens
2256 silly ADD node_modules/jiti
2257 silly ADD node_modules/jest-worker
2258 silly ADD node_modules/jest-worker/node_modules/supports-color
2259 silly ADD node_modules/iterator.prototype
2260 silly ADD node_modules/isexe
2261 silly ADD node_modules/isarray
2262 silly ADD node_modules/is-weakset
2263 silly ADD node_modules/is-weakref
2264 silly ADD node_modules/is-weakmap
2265 silly ADD node_modules/is-typed-array
2266 silly ADD node_modules/is-symbol
2267 silly ADD node_modules/is-string
2268 silly ADD node_modules/is-shared-array-buffer
2269 silly ADD node_modules/is-set
2270 silly ADD node_modules/is-regex
2271 silly ADD node_modules/is-number-object
2272 silly ADD node_modules/is-number
2273 silly ADD node_modules/is-negative-zero
2274 silly ADD node_modules/is-map
2275 silly ADD node_modules/is-glob
2276 silly ADD node_modules/is-generator-function
2277 silly ADD node_modules/is-finalizationregistry
2278 silly ADD node_modules/is-extglob
2279 silly ADD node_modules/is-date-object
2280 silly ADD node_modules/is-data-view
2281 silly ADD node_modules/is-core-module
2282 silly ADD node_modules/is-callable
2283 silly ADD node_modules/is-bun-module
2284 silly ADD node_modules/is-bun-module/node_modules/semver
2285 silly ADD node_modules/is-boolean-object
2286 silly ADD node_modules/is-bigint
2287 silly ADD node_modules/is-async-function
2288 silly ADD node_modules/is-array-buffer
2289 silly ADD node_modules/ipaddr.js
2290 silly ADD node_modules/internmap
2291 silly ADD node_modules/internal-slot
2292 silly ADD node_modules/input-otp
2293 silly ADD node_modules/imurmurhash
2294 silly ADD node_modules/import-fresh
2295 silly ADD node_modules/immer
2296 silly ADD node_modules/image-size
2297 silly ADD node_modules/ignore
2298 silly ADD node_modules/hex-rgb
2299 silly ADD node_modules/hermes-parser
2300 silly ADD node_modules/hermes-estree
2301 silly ADD node_modules/hasown
2302 silly ADD node_modules/has-tostringtag
2303 silly ADD node_modules/has-symbols
2304 silly ADD node_modules/has-proto
2305 silly ADD node_modules/has-property-descriptors
2306 silly ADD node_modules/has-flag
2307 silly ADD node_modules/has-bigints
2308 silly ADD node_modules/graceful-fs
2309 silly ADD node_modules/gopd
2310 silly ADD node_modules/globalthis
2311 silly ADD node_modules/globals
2312 silly ADD node_modules/glob-to-regexp
2313 silly ADD node_modules/glob-parent
2314 silly ADD node_modules/get-tsconfig
2315 silly ADD node_modules/get-symbol-description
2316 silly ADD node_modules/get-proto
2317 silly ADD node_modules/get-nonce
2318 silly ADD node_modules/get-intrinsic
2319 silly ADD node_modules/gensync
2320 silly ADD node_modules/generator-function
2321 silly ADD node_modules/functions-have-names
2322 silly ADD node_modules/function.prototype.name
2323 silly ADD node_modules/function-bind
2324 silly ADD node_modules/for-each
2325 silly ADD node_modules/flatted
2326 silly ADD node_modules/flat-cache
2327 silly ADD node_modules/find-up
2328 silly ADD node_modules/fill-range
2329 silly ADD node_modules/file-entry-cache
2330 silly ADD node_modules/fflate
2331 silly ADD node_modules/fastq
2332 silly ADD node_modules/fast-uri
2333 silly ADD node_modules/fast-levenshtein
2334 silly ADD node_modules/fast-json-stable-stringify
2335 silly ADD node_modules/fast-glob
2336 silly ADD node_modules/fast-glob/node_modules/glob-parent
2337 silly ADD node_modules/fast-deep-equal
2338 silly ADD node_modules/events
2339 silly ADD node_modules/eventemitter3
2340 silly ADD node_modules/esutils
2341 silly ADD node_modules/estree-walker
2342 silly ADD node_modules/estraverse
2343 silly ADD node_modules/esrecurse
2344 silly ADD node_modules/esquery
2345 silly ADD node_modules/espree
2346 silly ADD node_modules/eslint-visitor-keys
2347 silly ADD node_modules/eslint-scope
2348 silly ADD node_modules/eslint-plugin-react-hooks
2349 silly ADD node_modules/eslint-plugin-react
2350 silly ADD node_modules/eslint-plugin-jsx-a11y
2351 silly ADD node_modules/eslint-plugin-import
2352 silly ADD node_modules/eslint-plugin-import/node_modules/debug
2353 silly ADD node_modules/eslint-module-utils
2354 silly ADD node_modules/eslint-module-utils/node_modules/debug
2355 silly ADD node_modules/eslint-import-resolver-typescript
2356 silly ADD node_modules/eslint-import-resolver-node
2357 silly ADD node_modules/eslint-import-resolver-node/node_modules/debug
2358 silly ADD node_modules/eslint-config-next
2359 silly ADD node_modules/eslint-config-next/node_modules/globals
2360 silly ADD node_modules/eslint
2361 silly ADD node_modules/eslint/node_modules/json-schema-traverse
2362 silly ADD node_modules/eslint/node_modules/ajv
2363 silly ADD node_modules/escape-string-regexp
2364 silly ADD node_modules/escape-html
2365 silly ADD node_modules/escalade
2366 silly ADD node_modules/esbuild
2367 silly ADD node_modules/es-toolkit
2368 silly ADD node_modules/es-to-primitive
2369 silly ADD node_modules/es-shim-unscopables
2370 silly ADD node_modules/es-set-tostringtag
2371 silly ADD node_modules/es-object-atoms
2372 silly ADD node_modules/es-module-lexer
2373 silly ADD node_modules/es-iterator-helpers
2374 silly ADD node_modules/es-errors
2375 silly ADD node_modules/es-define-property
2376 silly ADD node_modules/es-abstract
2377 silly ADD node_modules/error-stack-parser-es
2378 silly ADD node_modules/enhanced-resolve
2379 silly ADD node_modules/emoji-regex-xs
2380 silly ADD node_modules/emoji-regex
2381 silly ADD node_modules/embla-carousel-reactive-utils
2382 silly ADD node_modules/embla-carousel-react
2383 silly ADD node_modules/embla-carousel
2384 silly ADD node_modules/electron-to-chromium
2385 silly ADD node_modules/dunder-proto
2386 silly ADD node_modules/drizzle-orm
2387 silly ADD node_modules/drizzle-kit
2388 silly ADD node_modules/drizzle-kit/node_modules/esbuild
2389 silly ADD node_modules/drizzle-kit/node_modules/@esbuild/win32-x64
2390 silly ADD node_modules/doctrine
2391 silly ADD node_modules/detect-node-es
2392 silly ADD node_modules/detect-libc
2393 silly ADD node_modules/define-properties
2394 silly ADD node_modules/define-data-property
2395 silly ADD node_modules/deep-is
2396 silly ADD node_modules/decimal.js-light
2397 silly ADD node_modules/debug
2398 silly ADD node_modules/date-fns
2399 silly ADD node_modules/data-view-byte-offset
2400 silly ADD node_modules/data-view-byte-length
2401 silly ADD node_modules/data-view-buffer
2402 silly ADD node_modules/damerau-levenshtein
2403 silly ADD node_modules/d3-timer
2404 silly ADD node_modules/d3-time-format
2405 silly ADD node_modules/d3-time
2406 silly ADD node_modules/d3-shape
2407 silly ADD node_modules/d3-scale
2408 silly ADD node_modules/d3-path
2409 silly ADD node_modules/d3-interpolate
2410 silly ADD node_modules/d3-format
2411 silly ADD node_modules/d3-ease
2412 silly ADD node_modules/d3-color
2413 silly ADD node_modules/d3-array
2414 silly ADD node_modules/csstype
2415 silly ADD node_modules/css-to-react-native
2416 silly ADD node_modules/css-gradient-parser
2417 silly ADD node_modules/css-color-keywords
2418 silly ADD node_modules/css-box-shadow
2419 silly ADD node_modules/css-background-parser
2420 silly ADD node_modules/cross-spawn
2421 silly ADD node_modules/cookie
2422 silly ADD node_modules/convert-source-map
2423 silly ADD node_modules/concat-map
2424 silly ADD node_modules/commander
2425 silly ADD node_modules/color-name
2426 silly ADD node_modules/color-convert
2427 silly ADD node_modules/cmdk
2428 silly ADD node_modules/clsx
2429 silly ADD node_modules/client-only
2430 silly ADD node_modules/class-variance-authority
2431 silly ADD node_modules/chrome-trace-event
2432 silly ADD node_modules/chalk
2433 silly ADD node_modules/caniuse-lite
2434 silly ADD node_modules/camelize
2435 silly ADD node_modules/callsites
2436 silly ADD node_modules/call-bound
2437 silly ADD node_modules/call-bind-apply-helpers
2438 silly ADD node_modules/call-bind
2439 silly ADD node_modules/buffer-from
2440 silly ADD node_modules/browserslist
2441 silly ADD node_modules/braces
2442 silly ADD node_modules/brace-expansion
2443 silly ADD node_modules/blake3-wasm
2444 silly ADD node_modules/baseline-browser-mapping
2445 silly ADD node_modules/base64-js
2446 silly ADD node_modules/balanced-match
2447 silly ADD node_modules/axobject-query
2448 silly ADD node_modules/axe-core
2449 silly ADD node_modules/available-typed-arrays
2450 silly ADD node_modules/async-function
2451 silly ADD node_modules/ast-types-flow
2452 silly ADD node_modules/arraybuffer.prototype.slice
2453 silly ADD node_modules/array.prototype.tosorted
2454 silly ADD node_modules/array.prototype.flatmap
2455 silly ADD node_modules/array.prototype.flat
2456 silly ADD node_modules/array.prototype.findlastindex
2457 silly ADD node_modules/array.prototype.findlast
2458 silly ADD node_modules/array-includes
2459 silly ADD node_modules/array-buffer-byte-length
2460 silly ADD node_modules/aria-query
2461 silly ADD node_modules/aria-hidden
2462 silly ADD node_modules/argparse
2463 silly ADD node_modules/ansi-styles
2464 silly ADD node_modules/ajv-formats
2465 silly ADD node_modules/ajv
2466 silly ADD node_modules/acorn-loose
2467 silly ADD node_modules/acorn-jsx
2468 silly ADD node_modules/acorn-import-phases
2469 silly ADD node_modules/acorn
2470 silly ADD node_modules/@xtuc/long
2471 silly ADD node_modules/@xtuc/ieee754
2472 silly ADD node_modules/@webassemblyjs/wast-printer
2473 silly ADD node_modules/@webassemblyjs/wasm-parser
2474 silly ADD node_modules/@webassemblyjs/wasm-opt
2475 silly ADD node_modules/@webassemblyjs/wasm-gen
2476 silly ADD node_modules/@webassemblyjs/wasm-edit
2477 silly ADD node_modules/@webassemblyjs/utf8
2478 silly ADD node_modules/@webassemblyjs/leb128
2479 silly ADD node_modules/@webassemblyjs/ieee754
2480 silly ADD node_modules/@webassemblyjs/helper-wasm-section
2481 silly ADD node_modules/@webassemblyjs/helper-wasm-bytecode
2482 silly ADD node_modules/@webassemblyjs/helper-numbers
2483 silly ADD node_modules/@webassemblyjs/helper-buffer
2484 silly ADD node_modules/@webassemblyjs/helper-api-error
2485 silly ADD node_modules/@webassemblyjs/floating-point-hex-parser
2486 silly ADD node_modules/@webassemblyjs/ast
2487 silly ADD node_modules/@vitejs/plugin-rsc
2488 silly ADD node_modules/@vitejs/plugin-rsc/node_modules/@rolldown/pluginutils
2489 silly ADD node_modules/@vitejs/plugin-react
2490 silly ADD node_modules/@vinext/types
2491 silly ADD node_modules/@vercel/og
2492 silly ADD node_modules/@unrs/resolver-binding-win32-x64-msvc
2493 silly ADD node_modules/@unpic/react
2494 silly ADD node_modules/@unpic/core
2495 silly ADD node_modules/@typescript-eslint/visitor-keys
2496 silly ADD node_modules/@typescript-eslint/visitor-keys/node_modules/eslint-visitor-keys
2497 silly ADD node_modules/@typescript-eslint/utils
2498 silly ADD node_modules/@typescript-eslint/typescript-estree
2499 silly ADD node_modules/@typescript-eslint/typescript-estree/node_modules/semver
2500 silly ADD node_modules/@typescript-eslint/typescript-estree/node_modules/minimatch
2501 silly ADD node_modules/@typescript-eslint/typescript-estree/node_modules/brace-expansion
2502 silly ADD node_modules/@typescript-eslint/typescript-estree/node_modules/balanced-match
2503 silly ADD node_modules/@typescript-eslint/types
2504 silly ADD node_modules/@typescript-eslint/type-utils
2505 silly ADD node_modules/@typescript-eslint/tsconfig-utils
2506 silly ADD node_modules/@typescript-eslint/scope-manager
2507 silly ADD node_modules/@typescript-eslint/project-service
2508 silly ADD node_modules/@typescript-eslint/parser
2509 silly ADD node_modules/@typescript-eslint/eslint-plugin
2510 silly ADD node_modules/@typescript-eslint/eslint-plugin/node_modules/ignore
2511 silly ADD node_modules/@types/use-sync-external-store
2512 silly ADD node_modules/@types/react-dom
2513 silly ADD node_modules/@types/react
2514 silly ADD node_modules/@types/node
2515 silly ADD node_modules/@types/json5
2516 silly ADD node_modules/@types/json-schema
2517 silly ADD node_modules/@types/estree
2518 silly ADD node_modules/@types/eslint-scope
2519 silly ADD node_modules/@types/eslint
2520 silly ADD node_modules/@types/d3-timer
2521 silly ADD node_modules/@types/d3-time
2522 silly ADD node_modules/@types/d3-shape
2523 silly ADD node_modules/@types/d3-scale
2524 silly ADD node_modules/@types/d3-path
2525 silly ADD node_modules/@types/d3-interpolate
2526 silly ADD node_modules/@types/d3-ease
2527 silly ADD node_modules/@types/d3-color
2528 silly ADD node_modules/@types/d3-array
2529 silly ADD node_modules/@tailwindcss/postcss
2530 silly ADD node_modules/@tailwindcss/oxide-win32-x64-msvc
2531 silly ADD node_modules/@tailwindcss/oxide
2532 silly ADD node_modules/@tailwindcss/node
2533 silly ADD node_modules/@swc/helpers
2534 silly ADD node_modules/@standard-schema/utils
2535 silly ADD node_modules/@standard-schema/spec
2536 silly ADD node_modules/@speed-highlight/core
2537 silly ADD node_modules/@sindresorhus/is
2538 silly ADD node_modules/@shuding/opentype.js
2539 silly ADD node_modules/@shadcn/react
2540 silly ADD node_modules/@rtsao/scc
2541 silly ADD node_modules/@rolldown/pluginutils
2542 silly ADD node_modules/@rolldown/binding-win32-x64-msvc
2543 silly ADD node_modules/@resvg/resvg-wasm
2544 silly ADD node_modules/@reduxjs/toolkit
2545 silly ADD node_modules/@reduxjs/toolkit/node_modules/immer
2546 silly ADD node_modules/@radix-ui/rect
2547 silly ADD node_modules/@radix-ui/react-visually-hidden
2548 silly ADD node_modules/@radix-ui/react-use-size
2549 silly ADD node_modules/@radix-ui/react-use-rect
2550 silly ADD node_modules/@radix-ui/react-use-previous
2551 silly ADD node_modules/@radix-ui/react-use-layout-effect
2552 silly ADD node_modules/@radix-ui/react-use-is-hydrated
2553 silly ADD node_modules/@radix-ui/react-use-escape-keydown
2554 silly ADD node_modules/@radix-ui/react-use-effect-event
2555 silly ADD node_modules/@radix-ui/react-use-controllable-state
2556 silly ADD node_modules/@radix-ui/react-use-callback-ref
2557 silly ADD node_modules/@radix-ui/react-tooltip
2558 silly ADD node_modules/@radix-ui/react-tooltip/node_modules/@radix-ui/react-slot
2559 silly ADD node_modules/@radix-ui/react-tooltip/node_modules/@radix-ui/react-compose-refs
2560 silly ADD node_modules/@radix-ui/react-toolbar
2561 silly ADD node_modules/@radix-ui/react-toggle-group
2562 silly ADD node_modules/@radix-ui/react-toggle
2563 silly ADD node_modules/@radix-ui/react-toast
2564 silly ADD node_modules/@radix-ui/react-toast/node_modules/@radix-ui/react-compose-refs
2565 silly ADD node_modules/@radix-ui/react-tabs
2566 silly ADD node_modules/@radix-ui/react-switch
2567 silly ADD node_modules/@radix-ui/react-switch/node_modules/@radix-ui/react-compose-refs
2568 silly ADD node_modules/@radix-ui/react-slider
2569 silly ADD node_modules/@radix-ui/react-slider/node_modules/@radix-ui/react-compose-refs
2570 silly ADD node_modules/@radix-ui/react-separator
2571 silly ADD node_modules/@radix-ui/react-select
2572 silly ADD node_modules/@radix-ui/react-select/node_modules/@radix-ui/react-slot
2573 silly ADD node_modules/@radix-ui/react-select/node_modules/@radix-ui/react-compose-refs
2574 silly ADD node_modules/@radix-ui/react-scroll-area
2575 silly ADD node_modules/@radix-ui/react-scroll-area/node_modules/@radix-ui/react-compose-refs
2576 silly ADD node_modules/@radix-ui/react-roving-focus
2577 silly ADD node_modules/@radix-ui/react-roving-focus/node_modules/@radix-ui/react-compose-refs
2578 silly ADD node_modules/@radix-ui/react-radio-group
2579 silly ADD node_modules/@radix-ui/react-radio-group/node_modules/@radix-ui/react-compose-refs
2580 silly ADD node_modules/@radix-ui/react-progress
2581 silly ADD node_modules/@radix-ui/react-primitive
2582 silly ADD node_modules/@radix-ui/react-primitive/node_modules/@radix-ui/react-slot
2583 silly ADD node_modules/@radix-ui/react-primitive/node_modules/@radix-ui/react-compose-refs
2584 silly ADD node_modules/@radix-ui/react-presence
2585 silly ADD node_modules/@radix-ui/react-portal
2586 silly ADD node_modules/@radix-ui/react-popper
2587 silly ADD node_modules/@radix-ui/react-popper/node_modules/@radix-ui/react-compose-refs
2588 silly ADD node_modules/@radix-ui/react-popover
2589 silly ADD node_modules/@radix-ui/react-popover/node_modules/@radix-ui/react-slot
2590 silly ADD node_modules/@radix-ui/react-popover/node_modules/@radix-ui/react-compose-refs
2591 silly ADD node_modules/@radix-ui/react-password-toggle-field
2592 silly ADD node_modules/@radix-ui/react-password-toggle-field/node_modules/@radix-ui/react-compose-refs
2593 silly ADD node_modules/@radix-ui/react-one-time-password-field
2594 silly ADD node_modules/@radix-ui/react-one-time-password-field/node_modules/@radix-ui/react-compose-refs
2595 silly ADD node_modules/@radix-ui/react-navigation-menu
2596 silly ADD node_modules/@radix-ui/react-navigation-menu/node_modules/@radix-ui/react-compose-refs
2597 silly ADD node_modules/@radix-ui/react-menubar
2598 silly ADD node_modules/@radix-ui/react-menubar/node_modules/@radix-ui/react-compose-refs
2599 silly ADD node_modules/@radix-ui/react-menu
2600 silly ADD node_modules/@radix-ui/react-menu/node_modules/@radix-ui/react-slot
2601 silly ADD node_modules/@radix-ui/react-menu/node_modules/@radix-ui/react-compose-refs
2602 silly ADD node_modules/@radix-ui/react-label
2603 silly ADD node_modules/@radix-ui/react-id
2604 silly ADD node_modules/@radix-ui/react-hover-card
2605 silly ADD node_modules/@radix-ui/react-hover-card/node_modules/@radix-ui/react-compose-refs
2606 silly ADD node_modules/@radix-ui/react-form
2607 silly ADD node_modules/@radix-ui/react-form/node_modules/@radix-ui/react-compose-refs
2608 silly ADD node_modules/@radix-ui/react-focus-scope
2609 silly ADD node_modules/@radix-ui/react-focus-scope/node_modules/@radix-ui/react-compose-refs
2610 silly ADD node_modules/@radix-ui/react-focus-guards
2611 silly ADD node_modules/@radix-ui/react-dropdown-menu
2612 silly ADD node_modules/@radix-ui/react-dropdown-menu/node_modules/@radix-ui/react-compose-refs
2613 silly ADD node_modules/@radix-ui/react-dismissable-layer
2614 silly ADD node_modules/@radix-ui/react-dismissable-layer/node_modules/@radix-ui/react-compose-refs
2615 silly ADD node_modules/@radix-ui/react-direction
2616 silly ADD node_modules/@radix-ui/react-dialog
2617 silly ADD node_modules/@radix-ui/react-dialog/node_modules/@radix-ui/react-slot
2618 silly ADD node_modules/@radix-ui/react-dialog/node_modules/@radix-ui/react-compose-refs
2619 silly ADD node_modules/@radix-ui/react-context-menu
2620 silly ADD node_modules/@radix-ui/react-context
2621 silly ADD node_modules/@radix-ui/react-compose-refs
2622 silly ADD node_modules/@radix-ui/react-collection
2623 silly ADD node_modules/@radix-ui/react-collection/node_modules/@radix-ui/react-slot
2624 silly ADD node_modules/@radix-ui/react-collection/node_modules/@radix-ui/react-compose-refs
2625 silly ADD node_modules/@radix-ui/react-collapsible
2626 silly ADD node_modules/@radix-ui/react-collapsible/node_modules/@radix-ui/react-compose-refs
2627 silly ADD node_modules/@radix-ui/react-checkbox
2628 silly ADD node_modules/@radix-ui/react-checkbox/node_modules/@radix-ui/react-compose-refs
2629 silly ADD node_modules/@radix-ui/react-avatar
2630 silly ADD node_modules/@radix-ui/react-aspect-ratio
2631 silly ADD node_modules/@radix-ui/react-arrow
2632 silly ADD node_modules/@radix-ui/react-alert-dialog
2633 silly ADD node_modules/@radix-ui/react-alert-dialog/node_modules/@radix-ui/react-compose-refs
2634 silly ADD node_modules/@radix-ui/react-accordion
2635 silly ADD node_modules/@radix-ui/react-accordion/node_modules/@radix-ui/react-compose-refs
2636 silly ADD node_modules/@radix-ui/react-accessible-icon
2637 silly ADD node_modules/@radix-ui/primitive
2638 silly ADD node_modules/@radix-ui/number
2639 silly ADD node_modules/@poppinss/exception
2640 silly ADD node_modules/@poppinss/dumper
2641 silly ADD node_modules/@poppinss/dumper/node_modules/supports-color
2642 silly ADD node_modules/@poppinss/colors
2643 silly ADD node_modules/@oxc-project/types
2644 silly ADD node_modules/@nolyfill/is-core-module
2645 silly ADD node_modules/@nodelib/fs.walk
2646 silly ADD node_modules/@nodelib/fs.stat
2647 silly ADD node_modules/@nodelib/fs.scandir
2648 silly ADD node_modules/@next/swc-win32-x64-msvc
2649 silly ADD node_modules/@next/eslint-plugin-next
2650 silly ADD node_modules/@next/env
2651 silly ADD node_modules/@jridgewell/trace-mapping
2652 silly ADD node_modules/@jridgewell/sourcemap-codec
2653 silly ADD node_modules/@jridgewell/source-map
2654 silly ADD node_modules/@jridgewell/resolve-uri
2655 silly ADD node_modules/@jridgewell/remapping
2656 silly ADD node_modules/@jridgewell/gen-mapping
2657 silly ADD node_modules/@img/sharp-win32-x64
2658 silly ADD node_modules/@img/colour
2659 silly ADD node_modules/@humanwhocodes/retry
2660 silly ADD node_modules/@humanwhocodes/module-importer
2661 silly ADD node_modules/@humanfs/types
2662 silly ADD node_modules/@humanfs/node
2663 silly ADD node_modules/@humanfs/core
2664 silly ADD node_modules/@hookform/resolvers
2665 silly ADD node_modules/@floating-ui/utils
2666 silly ADD node_modules/@floating-ui/react-dom
2667 silly ADD node_modules/@floating-ui/dom
2668 silly ADD node_modules/@floating-ui/core
2669 silly ADD node_modules/@eslint/plugin-kit
2670 silly ADD node_modules/@eslint/object-schema
2671 silly ADD node_modules/@eslint/js
2672 silly ADD node_modules/@eslint/eslintrc
2673 silly ADD node_modules/@eslint/eslintrc/node_modules/json-schema-traverse
2674 silly ADD node_modules/@eslint/eslintrc/node_modules/ajv
2675 silly ADD node_modules/@eslint/core
2676 silly ADD node_modules/@eslint/config-helpers
2677 silly ADD node_modules/@eslint/config-array
2678 silly ADD node_modules/@eslint-community/regexpp
2679 silly ADD node_modules/@eslint-community/eslint-utils
2680 silly ADD node_modules/@eslint-community/eslint-utils/node_modules/eslint-visitor-keys
2681 silly ADD node_modules/@esbuild/win32-x64
2682 silly ADD node_modules/@esbuild-kit/esm-loader
2683 silly ADD node_modules/@esbuild-kit/core-utils
2684 silly ADD node_modules/@esbuild-kit/core-utils/node_modules/esbuild
2685 silly ADD node_modules/@esbuild-kit/core-utils/node_modules/@esbuild/win32-x64
2686 silly ADD node_modules/@drizzle-team/brocli
2687 silly ADD node_modules/@date-fns/tz
2688 silly ADD node_modules/@cspotcode/source-map-support
2689 silly ADD node_modules/@cspotcode/source-map-support/node_modules/@jridgewell/trace-mapping
2690 silly ADD node_modules/@cloudflare/workers-types
2691 silly ADD node_modules/@cloudflare/workerd-windows-64
2692 silly ADD node_modules/@cloudflare/vite-plugin
2693 silly ADD node_modules/@cloudflare/unenv-preset
2694 silly ADD node_modules/@cloudflare/kv-asset-handler
2695 silly ADD node_modules/@base-ui/utils
2696 silly ADD node_modules/@base-ui/react
2697 silly ADD node_modules/@babel/types
2698 silly ADD node_modules/@babel/traverse
2699 silly ADD node_modules/@babel/template
2700 silly ADD node_modules/@babel/runtime
2701 silly ADD node_modules/@babel/parser
2702 silly ADD node_modules/@babel/helpers
2703 silly ADD node_modules/@babel/helper-validator-option
2704 silly ADD node_modules/@babel/helper-validator-identifier
2705 silly ADD node_modules/@babel/helper-string-parser
2706 silly ADD node_modules/@babel/helper-module-transforms
2707 silly ADD node_modules/@babel/helper-module-imports
2708 silly ADD node_modules/@babel/helper-globals
2709 silly ADD node_modules/@babel/helper-compilation-targets
2710 silly ADD node_modules/@babel/generator
2711 silly ADD node_modules/@babel/core
2712 silly ADD node_modules/@babel/compat-data
2713 silly ADD node_modules/@babel/code-frame
2714 silly ADD node_modules/@alloc/quick-lru
2715 warn install-scripts 7 packages have install scripts not yet covered by allowScripts:
2715 warn install-scripts   esbuild@0.18.20 (postinstall: node install.js)
2715 warn install-scripts   esbuild@0.25.12 (postinstall: node install.js)
2715 warn install-scripts   esbuild@0.28.0 (postinstall: node install.js)
2715 warn install-scripts   sharp@0.34.5 (install: node install/check.js || npm run build)
2715 warn install-scripts   unrs-resolver@1.11.1 (postinstall: napi-postinstall unrs-resolver 1.11.1 check)
2715 warn install-scripts   workerd@1.20260515.1 (postinstall: node install.js)
2715 warn install-scripts   esbuild@0.27.3 (postinstall: node install.js)
2715 warn install-scripts
2715 warn install-scripts Run `npm install-scripts ls` to review, or `npm install-scripts approve <pkg>` to allow.
2716 verbose cwd C:\Users\Pichau\Downloads\Edutrack---version-2.0
2717 verbose os Windows_NT 10.0.26200
2718 verbose node v24.20.0
2719 verbose npm  v11.19.0
2720 verbose exit 0
2721 info ok
